date,News Sentiment
2012-01-01,-0.305543143
2012-01-02,-0.290904924
2012-01-03,-0.315810711
2012-01-04,-0.290375616
2012-01-05,-0.271750217
2012-01-06,-0.257048391
2012-01-07,-0.260762043
2012-01-08,-0.236012723
2012-01-09,-0.211926309
2012-01-10,-0.212362614
2012-01-11,-0.196885761
2012-01-12,-0.195441253
2012-01-13,-0.211414867
2012-01-14,-0.248579369
2012-01-15,-0.225270493
2012-01-16,-0.225132704
2012-01-17,-0.22317028
2012-01-18,-0.209319524
2012-01-19,-0.206058165
2012-01-20,-0.186980344
2012-01-21,-0.179727933
2012-01-22,-0.180940989
2012-01-23,-0.190360457
2012-01-24,-0.173240009
2012-01-25,-0.168368315
2012-01-26,-0.148175663
2012-01-27,-0.135087398
2012-01-28,-0.110701466
2012-01-29,-0.092165679
2012-01-30,-0.090718712
2012-01-31,-0.077097798
2012-02-01,-0.081445306
2012-02-02,-0.084886274
2012-02-03,-0.086376318
2012-02-04,-0.072330762
2012-02-05,-0.052524272
2012-02-06,-0.039895302
2012-02-07,-0.070293027
2012-02-08,-0.089033386
2012-02-09,-0.102062201
2012-02-10,-0.119076757
2012-02-11,-0.125671165
2012-02-12,-0.109136133
2012-02-13,-0.098895159
2012-02-14,-0.101496468
2012-02-15,-0.097343495
2012-02-16,-0.105703707
2012-02-17,-0.112790758
2012-02-18,-0.108458447
2012-02-19,-0.094842545
2012-02-20,-0.100342322
2012-02-21,-0.109934343
2012-02-22,-0.104040563
2012-02-23,-0.091293588
2012-02-24,-0.095567493
2012-02-25,-0.098095426
2012-02-26,-0.086371475
2012-02-27,-0.094068565
2012-02-28,-0.086274502
2012-02-29,-0.087514651
2012-03-01,-0.094911005
2012-03-02,-0.073649181
2012-03-03,-0.073962852
2012-03-04,-0.059295424
2012-03-05,-0.038465101
2012-03-06,-0.042297972
2012-03-07,-0.043503245
2012-03-08,-0.036405904
2012-03-09,-0.044412979
2012-03-10,-0.030741614
2012-03-11,-0.027597453
2012-03-12,-0.030837001
2012-03-13,-0.046846793
2012-03-14,-0.034671574
2012-03-15,-0.017729132
2012-03-16,-0.017033338
2012-03-17,-0.012034583
2012-03-18,-0.006313191
2012-03-19,-0.001203079
2012-03-20,-0.00902312
2012-03-21,-0.01721987
2012-03-22,-0.011576669
2012-03-23,-0.010792779
2012-03-24,0.002964461
2012-03-25,-6.27185e-05
2012-03-26,0.00282812
2012-03-27,-0.015712887
2012-03-28,-0.022659028
2012-03-29,-0.012237786
2012-03-30,-0.012181519
2012-03-31,-0.007363264
2012-04-01,-0.003377128
2012-04-02,0.008582669
2012-04-03,-0.008732109
2012-04-04,-0.00338828
2012-04-05,-0.005053086
2012-04-06,-0.018584906
2012-04-07,-0.027584054
2012-04-08,-0.023213619
2012-04-09,-0.011131602
2012-04-10,-0.009104286
2012-04-11,-0.00219341
2012-04-12,-0.028557
2012-04-13,-0.037482812
2012-04-14,-0.039740977
2012-04-15,-0.024896279
2012-04-16,-0.012626637
2012-04-17,-0.002439067
2012-04-18,0.007689069
2012-04-19,0.018675127
2012-04-20,0.008730867
2012-04-21,0.001553391
2012-04-22,-0.005688699
2012-04-23,-0.004600167
2012-04-24,-0.026557405
2012-04-25,-0.018905915
2012-04-26,-0.012594182
2012-04-27,-0.00993653
2012-04-28,0.003944581
2012-04-29,0.004643898
2012-04-30,0.014789723
2012-05-01,0.016857075
2012-05-02,0.015167739
2012-05-03,0.005277617
2012-05-04,-0.004343437
2012-05-05,-0.028319443
2012-05-06,-0.022034261
2012-05-07,-0.025249093
2012-05-08,-0.036900274
2012-05-09,-0.062255542
2012-05-10,-0.062722838
2012-05-11,-0.08610066
2012-05-12,-0.091343883
2012-05-13,-0.112178208
2012-05-14,-0.143207283
2012-05-15,-0.17976202
2012-05-16,-0.182779265
2012-05-17,-0.194567729
2012-05-18,-0.201061005
2012-05-19,-0.223010157
2012-05-20,-0.240239822
2012-05-21,-0.224098336
2012-05-22,-0.207859124
2012-05-23,-0.205329742
2012-05-24,-0.213278281
2012-05-25,-0.209701775
2012-05-26,-0.198675772
2012-05-27,-0.189289092
2012-05-28,-0.170651132
2012-05-29,-0.182743901
2012-05-30,-0.183039051
2012-05-31,-0.178501888
2012-06-01,-0.208858419
2012-06-02,-0.245645468
2012-06-03,-0.248900938
2012-06-04,-0.27563388
2012-06-05,-0.278621814
2012-06-06,-0.273239758
2012-06-07,-0.265472031
2012-06-08,-0.26352918
2012-06-09,-0.257004663
2012-06-10,-0.249068242
2012-06-11,-0.2529586
2012-06-12,-0.249826446
2012-06-13,-0.245525114
2012-06-14,-0.248936936
2012-06-15,-0.250341626
2012-06-16,-0.254976453
2012-06-17,-0.251500322
2012-06-18,-0.25872382
2012-06-19,-0.256144797
2012-06-20,-0.239713976
2012-06-21,-0.236056135
2012-06-22,-0.241411792
2012-06-23,-0.249447005
2012-06-24,-0.22654375
2012-06-25,-0.239112748
2012-06-26,-0.24702444
2012-06-27,-0.229155216
2012-06-28,-0.223103349
2012-06-29,-0.21045281
2012-06-30,-0.21243172
2012-07-01,-0.209563003
2012-07-02,-0.219685643
2012-07-03,-0.227956167
2012-07-04,-0.209675738
2012-07-05,-0.207191859
2012-07-06,-0.208049347
2012-07-07,-0.230506541
2012-07-08,-0.208644493
2012-07-09,-0.196094661
2012-07-10,-0.189741719
2012-07-11,-0.19622806
2012-07-12,-0.214760059
2012-07-13,-0.234353631
2012-07-14,-0.230045354
2012-07-15,-0.22838063
2012-07-16,-0.23293175
2012-07-17,-0.243512562
2012-07-18,-0.262185494
2012-07-19,-0.259358474
2012-07-20,-0.255369681
2012-07-21,-0.264189895
2012-07-22,-0.247262178
2012-07-23,-0.240222005
2012-07-24,-0.264713768
2012-07-25,-0.266601853
2012-07-26,-0.278514007
2012-07-27,-0.277727483
2012-07-28,-0.320322671
2012-07-29,-0.301000202
2012-07-30,-0.299862911
2012-07-31,-0.301681821
2012-08-01,-0.29275622
2012-08-02,-0.295111335
2012-08-03,-0.285292642
2012-08-04,-0.289070981
2012-08-05,-0.292479858
2012-08-06,-0.259076984
2012-08-07,-0.246874686
2012-08-08,-0.237900041
2012-08-09,-0.228565738
2012-08-10,-0.225810558
2012-08-11,-0.207811481
2012-08-12,-0.193256998
2012-08-13,-0.183963457
2012-08-14,-0.173229419
2012-08-15,-0.177456319
2012-08-16,-0.160376607
2012-08-17,-0.147640977
2012-08-18,-0.125372021
2012-08-19,-0.103331547
2012-08-20,-0.096367619
2012-08-21,-0.112587516
2012-08-22,-0.105433252
2012-08-23,-0.111001089
2012-08-24,-0.129303824
2012-08-25,-0.153761652
2012-08-26,-0.155945588
2012-08-27,-0.148757049
2012-08-28,-0.117415823
2012-08-29,-0.103908196
2012-08-30,-0.090344683
2012-08-31,-0.069647413
2012-09-01,-0.066923458
2012-09-02,-0.075730755
2012-09-03,-0.065098296
2012-09-04,-0.063057829
2012-09-05,-0.067887652
2012-09-06,-0.07245852
2012-09-07,-0.086618341
2012-09-08,-0.109946309
2012-09-09,-0.087358615
2012-09-10,-0.081404013
2012-09-11,-0.087903547
2012-09-12,-0.090103233
2012-09-13,-0.093006012
2012-09-14,-0.088073096
2012-09-15,-0.083638362
2012-09-16,-0.066296799
2012-09-17,-0.050566336
2012-09-18,-0.067777294
2012-09-19,-0.065678219
2012-09-20,-0.062961727
2012-09-21,-0.061895147
2012-09-22,-0.044248188
2012-09-23,-0.034272191
2012-09-24,-0.016148717
2012-09-25,-0.006107068
2012-09-26,0.017030665
2012-09-27,0.011147149
2012-09-28,0.00532409
2012-09-29,0.000362072
2012-09-30,0.002363283
2012-10-01,-0.005783371
2012-10-02,-0.02316
2012-10-03,-0.019621906
2012-10-04,-0.01567004
2012-10-05,-0.007169799
2012-10-06,-0.013362195
2012-10-07,-0.009210579
2012-10-08,-0.018353003
2012-10-09,-0.031882837
2012-10-10,-0.046592852
2012-10-11,-0.047749517
2012-10-12,-0.044908446
2012-10-13,-0.036926579
2012-10-14,-0.03148327
2012-10-15,-0.006337647
2012-10-16,0.022454425
2012-10-17,0.027956465
2012-10-18,0.026926462
2012-10-19,0.017974875
2012-10-20,0.018668647
2012-10-21,0.014711722
2012-10-22,0.034655398
2012-10-23,0.024120571
2012-10-24,-0.00411404
2012-10-25,0.005007157
2012-10-26,-0.00300196
2012-10-27,-0.010026478
2012-10-28,-0.006119404
2012-10-29,-0.003975546
2012-10-30,0.009617783
2012-10-31,0.008031937
2012-11-01,0.008227939
2012-11-02,0.011681451
2012-11-03,0.005496227
2012-11-04,0.019667707
2012-11-05,0.013406605
2012-11-06,-0.002637345
2012-11-07,0.006864877
2012-11-08,-0.012259584
2012-11-09,-0.018258318
2012-11-10,-0.009864803
2012-11-11,-0.015865636
2012-11-12,-0.022178104
2012-11-13,-0.023241616
2012-11-14,-0.026256553
2012-11-15,-0.04144509
2012-11-16,-0.058379396
2012-11-17,-0.042240924
2012-11-18,-0.030631527
2012-11-19,-0.016406635
2012-11-20,-0.003436019
2012-11-21,-0.031453063
2012-11-22,-0.043483481
2012-11-23,-0.021491913
2012-11-24,-0.017974448
2012-11-25,-0.000333581
2012-11-26,0.013473977
2012-11-27,0.021971955
2012-11-28,0.030187659
2012-11-29,0.027860447
2012-11-30,0.014307397
2012-12-01,0.017703046
2012-12-02,0.015197303
2012-12-03,0.019659267
2012-12-04,0.020006067
2012-12-05,0.016064369
2012-12-06,0.01193273
2012-12-07,0.001921921
2012-12-08,-0.009667945
2012-12-09,-0.006678118
2012-12-10,-0.001326251
2012-12-11,0.000368696
2012-12-12,0.001069939
2012-12-13,0.004696568
2012-12-14,0.007560951
2012-12-15,0.010676865
2012-12-16,0.009174257
2012-12-17,0.019541151
2012-12-18,0.010307674
2012-12-19,0.009183525
2012-12-20,0.001850732
2012-12-21,0.001458798
2012-12-22,-0.006058914
2012-12-23,-0.014214436
2012-12-24,-0.04003665
2012-12-25,-0.074956497
2012-12-26,-0.066557931
2012-12-27,-0.063102919
2012-12-28,-0.075282945
2012-12-29,-0.082043489
2012-12-30,-0.074270594
2012-12-31,-0.084445049
2013-01-01,-0.086708841
2013-01-02,-0.086992983
2013-01-03,-0.087075683
2013-01-04,-0.073213727
2013-01-05,-0.066087444
2013-01-06,-0.054451104
2013-01-07,-0.060583453
2013-01-08,-0.076721573
2013-01-09,-0.074795819
2013-01-10,-0.059274571
2013-01-11,-0.065284866
2013-01-12,-0.054166072
2013-01-13,-0.050945056
2013-01-14,-0.067315444
2013-01-15,-0.103019957
2013-01-16,-0.118114157
2013-01-17,-0.125382113
2013-01-18,-0.133714208
2013-01-19,-0.146153214
2013-01-20,-0.152558495
2013-01-21,-0.127055842
2013-01-22,-0.127380533
2013-01-23,-0.118382916
2013-01-24,-0.117409209
2013-01-25,-0.108882955
2013-01-26,-0.085377266
2013-01-27,-0.070799455
2013-01-28,-0.051467626
2013-01-29,-0.049010407
2013-01-30,-0.03733433
2013-01-31,-0.041044208
2013-02-01,-0.047786829
2013-02-02,-0.041841518
2013-02-03,-0.030371932
2013-02-04,-0.016837117
2013-02-05,-0.03427993
2013-02-06,-0.051382817
2013-02-07,-0.061095626
2013-02-08,-0.054777379
2013-02-09,-0.053613429
2013-02-10,-0.026324161
2013-02-11,-0.046991853
2013-02-12,-0.051578175
2013-02-13,-0.050605513
2013-02-14,-0.045094911
2013-02-15,-0.042250378
2013-02-16,-0.033734007
2013-02-17,-0.037767934
2013-02-18,-0.009851126
2013-02-19,-0.005107198
2013-02-20,-0.015353371
2013-02-21,-0.031073484
2013-02-22,-0.030369313
2013-02-23,-0.043325424
2013-02-24,-0.064063199
2013-02-25,-0.077473335
2013-02-26,-0.096929849
2013-02-27,-0.097772462
2013-02-28,-0.098570757
2013-03-01,-0.099383024
2013-03-02,-0.122222381
2013-03-03,-0.122423087
2013-03-04,-0.124780761
2013-03-05,-0.125635225
2013-03-06,-0.122390272
2013-03-07,-0.113629875
2013-03-08,-0.103365518
2013-03-09,-0.084232556
2013-03-10,-0.070961118
2013-03-11,-0.072478092
2013-03-12,-0.063022555
2013-03-13,-0.057894004
2013-03-14,-0.041611447
2013-03-15,-0.050821382
2013-03-16,-0.035136688
2013-03-17,-0.008815631
2013-03-18,-0.004357725
2013-03-19,-0.014239268
2013-03-20,-0.031030846
2013-03-21,-0.044945156
2013-03-22,-0.041168004
2013-03-23,-0.012236812
2013-03-24,-0.021142492
2013-03-25,-0.02486756
2013-03-26,-0.031076072
2013-03-27,-0.021437374
2013-03-28,-0.014080261
2013-03-29,-0.013115692
2013-03-30,-0.024340329
2013-03-31,-0.011861839
2013-04-01,-0.000317035
2013-04-02,-0.015501382
2013-04-03,-0.001385594
2013-04-04,-0.016742423
2013-04-05,-0.023544056
2013-04-06,-0.033765197
2013-04-07,-0.02318399
2013-04-08,-0.027686641
2013-04-09,-0.022846338
2013-04-10,-0.032870126
2013-04-11,-0.028331469
2013-04-12,-0.023060365
2013-04-13,-0.025589968
2013-04-14,-0.007553757
2013-04-15,-0.003781514
2013-04-16,0.007385622
2013-04-17,0.011120019
2013-04-18,-0.006778531
2013-04-19,0.001149644
2013-04-20,-0.007222626
2013-04-21,0.008502034
2013-04-22,0.023747536
2013-04-23,0.019481572
2013-04-24,0.013769874
2013-04-25,0.039540234
2013-04-26,0.043808688
2013-04-27,0.035867146
2013-04-28,0.034444677
2013-04-29,0.023143854
2013-04-30,0.026689232
2013-05-01,0.035580667
2013-05-02,0.036290728
2013-05-03,0.035339647
2013-05-04,0.03703713
2013-05-05,0.045730613
2013-05-06,0.03595771
2013-05-07,0.036848304
2013-05-08,0.027894941
2013-05-09,0.027814171
2013-05-10,0.019762996
2013-05-11,0.008412545
2013-05-12,0.003841436
2013-05-13,-0.003193069
2013-05-14,-0.010885427
2013-05-15,-0.025445027
2013-05-16,-0.031997451
2013-05-17,-0.035252356
2013-05-18,-0.026313637
2013-05-19,-0.028849217
2013-05-20,-0.04255208
2013-05-21,-0.036698814
2013-05-22,-0.028216469
2013-05-23,-0.027243321
2013-05-24,-0.029845269
2013-05-25,-0.034789091
2013-05-26,-0.018362734
2013-05-27,-0.005969498
2013-05-28,0.014642623
2013-05-29,0.029740371
2013-05-30,0.037830557
2013-05-31,0.045731826
2013-06-01,0.039202811
2013-06-02,0.03965207
2013-06-03,0.028078165
2013-06-04,0.033838166
2013-06-05,0.041490772
2013-06-06,0.032965052
2013-06-07,0.031631161
2013-06-08,0.043901875
2013-06-09,0.051934991
2013-06-10,0.061318157
2013-06-11,0.058855065
2013-06-12,0.044179352
2013-06-13,0.024896081
2013-06-14,0.043192076
2013-06-15,0.040944845
2013-06-16,0.043998851
2013-06-17,0.053619485
2013-06-18,0.056691789
2013-06-19,0.058442447
2013-06-20,0.06349695
2013-06-21,0.056785424
2013-06-22,0.049811761
2013-06-23,0.060216349
2013-06-24,0.063279411
2013-06-25,0.055343646
2013-06-26,0.072131897
2013-06-27,0.074274961
2013-06-28,0.075607593
2013-06-29,0.075602298
2013-06-30,0.088089825
2013-07-01,0.08962205
2013-07-02,0.092306264
2013-07-03,0.096686023
2013-07-04,0.086737582
2013-07-05,0.103854754
2013-07-06,0.121747642
2013-07-07,0.160091764
2013-07-08,0.185016654
2013-07-09,0.168510545
2013-07-10,0.144604291
2013-07-11,0.138419423
2013-07-12,0.132981237
2013-07-13,0.139473017
2013-07-14,0.118506552
2013-07-15,0.127941261
2013-07-16,0.141873674
2013-07-17,0.151326295
2013-07-18,0.140582365
2013-07-19,0.113916587
2013-07-20,0.099601426
2013-07-21,0.09200892
2013-07-22,0.08331617
2013-07-23,0.073925596
2013-07-24,0.077736304
2013-07-25,0.100725813
2013-07-26,0.089476108
2013-07-27,0.101345484
2013-07-28,0.085809409
2013-07-29,0.07996224
2013-07-30,0.069126309
2013-07-31,0.080234166
2013-08-01,0.085801061
2013-08-02,0.076890255
2013-08-03,0.062275975
2013-08-04,0.069991565
2013-08-05,0.060675971
2013-08-06,0.050845431
2013-08-07,0.039622451
2013-08-08,0.047864599
2013-08-09,0.045294913
2013-08-10,0.045290127
2013-08-11,0.047665863
2013-08-12,0.05371682
2013-08-13,0.04538903
2013-08-14,0.051618929
2013-08-15,0.041537303
2013-08-16,0.04279454
2013-08-17,0.043500529
2013-08-18,0.055269604
2013-08-19,0.064455368
2013-08-20,0.046782076
2013-08-21,0.045287191
2013-08-22,0.041681251
2013-08-23,0.057526235
2013-08-24,0.054308379
2013-08-25,0.049858643
2013-08-26,0.045068231
2013-08-27,0.04843986
2013-08-28,0.049569683
2013-08-29,0.045626811
2013-08-30,0.050069276
2013-08-31,0.05776157
2013-09-01,0.073848456
2013-09-02,0.066588147
2013-09-03,0.07431035
2013-09-04,0.081486549
2013-09-05,0.102357616
2013-09-06,0.100361246
2013-09-07,0.089544335
2013-09-08,0.085986071
2013-09-09,0.07900883
2013-09-10,0.053883423
2013-09-11,0.037979169
2013-09-12,0.023930077
2013-09-13,0.014429207
2013-09-14,0.005738409
2013-09-15,0.007013358
2013-09-16,0.004419955
2013-09-17,-0.014452747
2013-09-18,-0.014102474
2013-09-19,-0.021529227
2013-09-20,-0.020617618
2013-09-21,-0.028999356
2013-09-22,-0.046621731
2013-09-23,-0.067822212
2013-09-24,-0.074391198
2013-09-25,-0.080738605
2013-09-26,-0.093305186
2013-09-27,-0.102835956
2013-09-28,-0.095988333
2013-09-29,-0.09289296
2013-09-30,-0.112994196
2013-10-01,-0.130828574
2013-10-02,-0.143870403
2013-10-03,-0.170896846
2013-10-04,-0.201201537
2013-10-05,-0.219142648
2013-10-06,-0.216633384
2013-10-07,-0.233954941
2013-10-08,-0.246021629
2013-10-09,-0.260052541
2013-10-10,-0.253276122
2013-10-11,-0.255422885
2013-10-12,-0.256169218
2013-10-13,-0.241378177
2013-10-14,-0.257260012
2013-10-15,-0.265194061
2013-10-16,-0.284954775
2013-10-17,-0.27834495
2013-10-18,-0.284156228
2013-10-19,-0.299794993
2013-10-20,-0.279912825
2013-10-21,-0.287054165
2013-10-22,-0.289524791
2013-10-23,-0.303333914
2013-10-24,-0.318480971
2013-10-25,-0.304769179
2013-10-26,-0.290602925
2013-10-27,-0.278560644
2013-10-28,-0.271427567
2013-10-29,-0.263590482
2013-10-30,-0.253184952
2013-10-31,-0.251478257
2013-11-01,-0.261601925
2013-11-02,-0.224574065
2013-11-03,-0.212943838
2013-11-04,-0.192996973
2013-11-05,-0.185050236
2013-11-06,-0.169947493
2013-11-07,-0.171307925
2013-11-08,-0.168290248
2013-11-09,-0.148931298
2013-11-10,-0.140673788
2013-11-11,-0.123670725
2013-11-12,-0.103682953
2013-11-13,-0.095525258
2013-11-14,-0.102053891
2013-11-15,-0.092167503
2013-11-16,-0.076183697
2013-11-17,-0.048686373
2013-11-18,-0.046426388
2013-11-19,-0.043510175
2013-11-20,-0.037247508
2013-11-21,-0.033087756
2013-11-22,-0.021809016
2013-11-23,-0.01943489
2013-11-24,-0.006111742
2013-11-25,0.017164806
2013-11-26,0.01943033
2013-11-27,0.025492223
2013-11-28,0.02273865
2013-11-29,0.032984804
2013-11-30,0.052138037
2013-12-01,0.06475945
2013-12-02,0.075753267
2013-12-03,0.066505057
2013-12-04,0.052050042
2013-12-05,0.058647495
2013-12-06,0.057816063
2013-12-07,0.075194111
2013-12-08,0.084448013
2013-12-09,0.08390437
2013-12-10,0.09204487
2013-12-11,0.097192646
2013-12-12,0.101875513
2013-12-13,0.082467961
2013-12-14,0.071328768
2013-12-15,0.06224082
2013-12-16,0.074931356
2013-12-17,0.080488711
2013-12-18,0.084140352
2013-12-19,0.084516887
2013-12-20,0.084440246
2013-12-21,0.086272175
2013-12-22,0.092697967
2013-12-23,0.120808175
2013-12-24,0.156500995
2013-12-25,0.148138847
2013-12-26,0.153343492
2013-12-27,0.152952432
2013-12-28,0.14387841
2013-12-29,0.149863283
2013-12-30,0.166208838
2013-12-31,0.155689423
2014-01-01,0.164427019
2014-01-02,0.160198132
2014-01-03,0.164106459
2014-01-04,0.175512248
2014-01-05,0.171602172
2014-01-06,0.178077625
2014-01-07,0.175116382
2014-01-08,0.164346933
2014-01-09,0.158606449
2014-01-10,0.144741073
2014-01-11,0.130926775
2014-01-12,0.130954448
2014-01-13,0.136989671
2014-01-14,0.128402123
2014-01-15,0.117683022
2014-01-16,0.107977131
2014-01-17,0.102867201
2014-01-18,0.102983537
2014-01-19,0.111478347
2014-01-20,0.116393694
2014-01-21,0.120098767
2014-01-22,0.110173579
2014-01-23,0.111736104
2014-01-24,0.10256561
2014-01-25,0.098658342
2014-01-26,0.103778495
2014-01-27,0.102719923
2014-01-28,0.110344329
2014-01-29,0.120048091
2014-01-30,0.125652473
2014-01-31,0.133063473
2014-02-01,0.142999891
2014-02-02,0.149773586
2014-02-03,0.145250084
2014-02-04,0.135307188
2014-02-05,0.132518163
2014-02-06,0.140407887
2014-02-07,0.126076967
2014-02-08,0.117400842
2014-02-09,0.125195547
2014-02-10,0.126906332
2014-02-11,0.118223877
2014-02-12,0.11676622
2014-02-13,0.095870958
2014-02-14,0.066748054
2014-02-15,0.053836873
2014-02-16,0.085496082
2014-02-17,0.096730538
2014-02-18,0.087692077
2014-02-19,0.078803601
2014-02-20,0.069245961
2014-02-21,0.060757305
2014-02-22,0.049244702
2014-02-23,0.055513366
2014-02-24,0.034453073
2014-02-25,0.037670905
2014-02-26,0.051443366
2014-02-27,0.055537075
2014-02-28,0.054240062
2014-03-01,0.058126429
2014-03-02,0.065646388
2014-03-03,0.071759114
2014-03-04,0.066540373
2014-03-05,0.068220244
2014-03-06,0.068852872
2014-03-07,0.072479692
2014-03-08,0.077545845
2014-03-09,0.081339548
2014-03-10,0.067580599
2014-03-11,0.069707815
2014-03-12,0.064120529
2014-03-13,0.061474508
2014-03-14,0.054273468
2014-03-15,0.040516236
2014-03-16,0.053134769
2014-03-17,0.064251652
2014-03-18,0.050122711
2014-03-19,0.034405358
2014-03-20,0.030127352
2014-03-21,0.018293957
2014-03-22,0.017721707
2014-03-23,0.030645546
2014-03-24,0.028722994
2014-03-25,0.026679572
2014-03-26,0.038336938
2014-03-27,0.054983556
2014-03-28,0.055669848
2014-03-29,0.069128391
2014-03-30,0.049660717
2014-03-31,0.070605428
2014-04-01,0.074197459
2014-04-02,0.08689246
2014-04-03,0.081006668
2014-04-04,0.080533977
2014-04-05,0.087961994
2014-04-06,0.103765464
2014-04-07,0.107551063
2014-04-08,0.104362094
2014-04-09,0.086954127
2014-04-10,0.086770002
2014-04-11,0.062648173
2014-04-12,0.074560297
2014-04-13,0.086352214
2014-04-14,0.07951908
2014-04-15,0.069707182
2014-04-16,0.07935794
2014-04-17,0.080650588
2014-04-18,0.092623357
2014-04-19,0.104410852
2014-04-20,0.087103969
2014-04-21,0.06305155
2014-04-22,0.065647851
2014-04-23,0.060324602
2014-04-24,0.058751876
2014-04-25,0.054427555
2014-04-26,0.047837878
2014-04-27,0.042055668
2014-04-28,0.025767978
2014-04-29,0.008791664
2014-04-30,0.01072176
2014-05-01,0.012691556
2014-05-02,0.015875457
2014-05-03,0.009027157
2014-05-04,0.026672605
2014-05-05,0.031617951
2014-05-06,0.036493912
2014-05-07,0.047302015
2014-05-08,0.055961727
2014-05-09,0.043132459
2014-05-10,0.058900853
2014-05-11,0.086428704
2014-05-12,0.068592162
2014-05-13,0.066101957
2014-05-14,0.055642547
2014-05-15,0.05550866
2014-05-16,0.031254686
2014-05-17,0.037483954
2014-05-18,0.038173085
2014-05-19,0.020728345
2014-05-20,0.01025396
2014-05-21,0.005135951
2014-05-22,0.012074363
2014-05-23,-0.001480857
2014-05-24,-0.006576287
2014-05-25,0.000587126
2014-05-26,0.000412049
2014-05-27,-0.008979468
2014-05-28,-0.016254221
2014-05-29,-0.017783175
2014-05-30,-0.027203645
2014-05-31,-0.030148731
2014-06-01,-0.01998491
2014-06-02,-0.002632184
2014-06-03,0.007195378
2014-06-04,0.007072822
2014-06-05,0.024296732
2014-06-06,0.030955017
2014-06-07,0.046062244
2014-06-08,0.068538689
2014-06-09,0.067325199
2014-06-10,0.063444389
2014-06-11,0.067609038
2014-06-12,0.063610482
2014-06-13,0.082416573
2014-06-14,0.061960803
2014-06-15,0.051861351
2014-06-16,0.053159231
2014-06-17,0.040247352
2014-06-18,0.039671686
2014-06-19,0.042174165
2014-06-20,0.045419808
2014-06-21,0.043547887
2014-06-22,0.068621891
2014-06-23,0.07114778
2014-06-24,0.080422588
2014-06-25,0.071912229
2014-06-26,0.057811981
2014-06-27,0.069107168
2014-06-28,0.055288465
2014-06-29,0.052953061
2014-06-30,0.044492143
2014-07-01,0.016094368
2014-07-02,0.023742742
2014-07-03,0.02145978
2014-07-04,0.038491856
2014-07-05,0.047812402
2014-07-06,0.046589484
2014-07-07,0.045535863
2014-07-08,0.029384004
2014-07-09,0.02844062
2014-07-10,0.02811811
2014-07-11,0.006369059
2014-07-12,-0.020292397
2014-07-13,0.007303332
2014-07-14,-0.001047878
2014-07-15,0.012939785
2014-07-16,0.021404455
2014-07-17,0.024926874
2014-07-18,0.006023205
2014-07-19,0.015255293
2014-07-20,0.017831412
2014-07-21,0.012890148
2014-07-22,0.00461995
2014-07-23,0.011407093
2014-07-24,0.025533091
2014-07-25,0.036439966
2014-07-26,0.020880623
2014-07-27,0.004258809
2014-07-28,0.003752625
2014-07-29,-0.000730856
2014-07-30,0.00427961
2014-07-31,0.009489168
2014-08-01,0.013472943
2014-08-02,0.031019014
2014-08-03,0.049292653
2014-08-04,0.057198097
2014-08-05,0.057000093
2014-08-06,0.046675543
2014-08-07,0.019139891
2014-08-08,0.004851513
2014-08-09,-0.005202405
2014-08-10,-0.007692639
2014-08-11,0.011737015
2014-08-12,0.01080926
2014-08-13,0.004436557
2014-08-14,0.006647592
2014-08-15,-0.001426741
2014-08-16,0.009267973
2014-08-17,0.02197429
2014-08-18,0.024630681
2014-08-19,0.0172707
2014-08-20,0.025674074
2014-08-21,0.02103797
2014-08-22,0.030386886
2014-08-23,0.025248914
2014-08-24,0.04406154
2014-08-25,0.050416064
2014-08-26,0.065157294
2014-08-27,0.072741533
2014-08-28,0.080012436
2014-08-29,0.07775296
2014-08-30,0.082289108
2014-08-31,0.082521266
2014-09-01,0.06472756
2014-09-02,0.06535458
2014-09-03,0.063559939
2014-09-04,0.066629665
2014-09-05,0.076466524
2014-09-06,0.072378981
2014-09-07,0.080730218
2014-09-08,0.073326331
2014-09-09,0.08384613
2014-09-10,0.073648946
2014-09-11,0.078177247
2014-09-12,0.074443152
2014-09-13,0.091575779
2014-09-14,0.094542797
2014-09-15,0.111032516
2014-09-16,0.093650462
2014-09-17,0.086418419
2014-09-18,0.098212535
2014-09-19,0.099593611
2014-09-20,0.086450866
2014-09-21,0.101495673
2014-09-22,0.102366596
2014-09-23,0.104927251
2014-09-24,0.104975732
2014-09-25,0.097811234
2014-09-26,0.087090303
2014-09-27,0.120389458
2014-09-28,0.117766572
2014-09-29,0.112132091
2014-09-30,0.109341202
2014-10-01,0.098348201
2014-10-02,0.098453033
2014-10-03,0.103316962
2014-10-04,0.113109448
2014-10-05,0.135877398
2014-10-06,0.144795921
2014-10-07,0.13083428
2014-10-08,0.120951079
2014-10-09,0.129740516
2014-10-10,0.116942709
2014-10-11,0.097569413
2014-10-12,0.101202495
2014-10-13,0.080209788
2014-10-14,0.062183536
2014-10-15,0.050242964
2014-10-16,0.015441039
2014-10-17,0.007736153
2014-10-18,0.022108088
2014-10-19,0.02844251
2014-10-20,0.011257242
2014-10-21,0.006874709
2014-10-22,-0.004939181
2014-10-23,0.012327538
2014-10-24,0.010742802
2014-10-25,0.020568427
2014-10-26,0.032795194
2014-10-27,0.002459758
2014-10-28,0.009781608
2014-10-29,0.033705034
2014-10-30,0.035610694
2014-10-31,0.043055314
2014-11-01,0.045289355
2014-11-02,0.065645328
2014-11-03,0.054039571
2014-11-04,0.081482463
2014-11-05,0.077374235
2014-11-06,0.083360519
2014-11-07,0.101676219
2014-11-08,0.113507157
2014-11-09,0.120798971
2014-11-10,0.130168959
2014-11-11,0.126038686
2014-11-12,0.129925811
2014-11-13,0.130860165
2014-11-14,0.117647138
2014-11-15,0.145757305
2014-11-16,0.16660506
2014-11-17,0.157626247
2014-11-18,0.131524906
2014-11-19,0.150517925
2014-11-20,0.150053759
2014-11-21,0.155604401
2014-11-22,0.157449936
2014-11-23,0.148197421
2014-11-24,0.16304953
2014-11-25,0.154428138
2014-11-26,0.162320884
2014-11-27,0.164194967
2014-11-28,0.159959164
2014-11-29,0.146360189
2014-11-30,0.180932738
2014-12-01,0.183030291
2014-12-02,0.170902515
2014-12-03,0.174747185
2014-12-04,0.165170799
2014-12-05,0.176560074
2014-12-06,0.192663318
2014-12-07,0.196359187
2014-12-08,0.208095748
2014-12-09,0.212949049
2014-12-10,0.206805159
2014-12-11,0.203526997
2014-12-12,0.182663966
2014-12-13,0.215377696
2014-12-14,0.224853403
2014-12-15,0.209079367
2014-12-16,0.200603599
2014-12-17,0.182320919
2014-12-18,0.187019939
2014-12-19,0.190759983
2014-12-20,0.197426298
2014-12-21,0.18692719
2014-12-22,0.155900367
2014-12-23,0.180549436
2014-12-24,0.214614206
2014-12-25,0.216580684
2014-12-26,0.234275319
2014-12-27,0.227944768
2014-12-28,0.229617797
2014-12-29,0.239230385
2014-12-30,0.227918422
2014-12-31,0.228595698
2015-01-01,0.233108409
2015-01-02,0.224109959
2015-01-03,0.220988589
2015-01-04,0.213068149
2015-01-05,0.19433079
2015-01-06,0.211141968
2015-01-07,0.22486201
2015-01-08,0.218435332
2015-01-09,0.222212386
2015-01-10,0.227138666
2015-01-11,0.229904933
2015-01-12,0.231889485
2015-01-13,0.226467005
2015-01-14,0.213206347
2015-01-15,0.205113142
2015-01-16,0.178575863
2015-01-17,0.170613902
2015-01-18,0.184124954
2015-01-19,0.195199865
2015-01-20,0.199078015
2015-01-21,0.211898147
2015-01-22,0.207897278
2015-01-23,0.195777306
2015-01-24,0.203102865
2015-01-25,0.203117936
2015-01-26,0.18968924
2015-01-27,0.188220206
2015-01-28,0.183310289
2015-01-29,0.181268784
2015-01-30,0.186665137
2015-01-31,0.199855125
2015-02-01,0.212170433
2015-02-02,0.209628936
2015-02-03,0.19622871
2015-02-04,0.185536382
2015-02-05,0.196685499
2015-02-06,0.196092597
2015-02-07,0.213059488
2015-02-08,0.20308494
2015-02-09,0.179363679
2015-02-10,0.174228785
2015-02-11,0.166477177
2015-02-12,0.164852643
2015-02-13,0.169654597
2015-02-14,0.164635967
2015-02-15,0.162735174
2015-02-16,0.157289663
2015-02-17,0.139595438
2015-02-18,0.129222135
2015-02-19,0.103422314
2015-02-20,0.097501435
2015-02-21,0.061025224
2015-02-22,0.080877095
2015-02-23,0.08761335
2015-02-24,0.078246852
2015-02-25,0.092135362
2015-02-26,0.11319178
2015-02-27,0.122316477
2015-02-28,0.136427408
2015-03-01,0.122541192
2015-03-02,0.12368878
2015-03-03,0.121122523
2015-03-04,0.124944483
2015-03-05,0.119521946
2015-03-06,0.113300857
2015-03-07,0.130640918
2015-03-08,0.140092612
2015-03-09,0.136336679
2015-03-10,0.128508205
2015-03-11,0.119966066
2015-03-12,0.11501159
2015-03-13,0.099699651
2015-03-14,0.094654372
2015-03-15,0.110097136
2015-03-16,0.11920841
2015-03-17,0.11433176
2015-03-18,0.11624611
2015-03-19,0.127719753
2015-03-20,0.116692954
2015-03-21,0.11511037
2015-03-22,0.122021599
2015-03-23,0.124731833
2015-03-24,0.126747803
2015-03-25,0.128302351
2015-03-26,0.12367022
2015-03-27,0.129368089
2015-03-28,0.136522455
2015-03-29,0.151925163
2015-03-30,0.154662592
2015-03-31,0.151288277
2015-04-01,0.160200313
2015-04-02,0.166539703
2015-04-03,0.163751845
2015-04-04,0.160388582
2015-04-05,0.16505454
2015-04-06,0.153029642
2015-04-07,0.16451881
2015-04-08,0.174039991
2015-04-09,0.182338526
2015-04-10,0.162285839
2015-04-11,0.15170604
2015-04-12,0.148774259
2015-04-13,0.129394945
2015-04-14,0.132826155
2015-04-15,0.135330127
2015-04-16,0.127150123
2015-04-17,0.119597285
2015-04-18,0.10572901
2015-04-19,0.123158079
2015-04-20,0.123266653
2015-04-21,0.122968779
2015-04-22,0.117189291
2015-04-23,0.106679045
2015-04-24,0.093587817
2015-04-25,0.10034042
2015-04-26,0.110846785
2015-04-27,0.119676111
2015-04-28,0.134401695
2015-04-29,0.137426808
2015-04-30,0.13877536
2015-05-01,0.146950478
2015-05-02,0.159845152
2015-05-03,0.162515539
2015-05-04,0.162157797
2015-05-05,0.162143551
2015-05-06,0.145574033
2015-05-07,0.146338073
2015-05-08,0.157921737
2015-05-09,0.155188808
2015-05-10,0.136072966
2015-05-11,0.139482267
2015-05-12,0.125057087
2015-05-13,0.124151238
2015-05-14,0.119052317
2015-05-15,0.117673621
2015-05-16,0.129163382
2015-05-17,0.134952776
2015-05-18,0.1400194
2015-05-19,0.135962804
2015-05-20,0.137312539
2015-05-21,0.135464227
2015-05-22,0.119331752
2015-05-23,0.132613361
2015-05-24,0.115180681
2015-05-25,0.100681341
2015-05-26,0.092218527
2015-05-27,0.070788382
2015-05-28,0.04085113
2015-05-29,0.032954667
2015-05-30,0.03556502
2015-05-31,0.026906628
2015-06-01,0.041572419
2015-06-02,0.040731771
2015-06-03,0.035022961
2015-06-04,0.025171082
2015-06-05,0.027011202
2015-06-06,0.033210251
2015-06-07,0.056021385
2015-06-08,0.052112649
2015-06-09,0.03406581
2015-06-10,0.033686567
2015-06-11,0.036172065
2015-06-12,0.032055395
2015-06-13,0.031554529
2015-06-14,0.039433258
2015-06-15,0.029459607
2015-06-16,0.033259646
2015-06-17,0.04410975
2015-06-18,0.057754021
2015-06-19,0.061161208
2015-06-20,0.051041996
2015-06-21,0.057734175
2015-06-22,0.064794254
2015-06-23,0.060239494
2015-06-24,0.070199111
2015-06-25,0.066613599
2015-06-26,0.08428612
2015-06-27,0.100902359
2015-06-28,0.114435497
2015-06-29,0.081369857
2015-06-30,0.04405286
2015-07-01,0.043101895
2015-07-02,0.047100072
2015-07-03,0.036501531
2015-07-04,0.023490045
2015-07-05,0.009223387
2015-07-06,-0.011220363
2015-07-07,-0.003937698
2015-07-08,-0.013592626
2015-07-09,-0.018583016
2015-07-10,-0.034945746
2015-07-11,-0.040276239
2015-07-12,-0.041488091
2015-07-13,-0.049623858
2015-07-14,-0.050013981
2015-07-15,-0.049392315
2015-07-16,-0.044470685
2015-07-17,-0.037307311
2015-07-18,-0.009467293
2015-07-19,-0.009459566
2015-07-20,0.000614973
2015-07-21,-0.005120373
2015-07-22,0.010911869
2015-07-23,0.024012186
2015-07-24,0.035176462
2015-07-25,0.03373477
2015-07-26,0.032369292
2015-07-27,0.042843537
2015-07-28,0.054594867
2015-07-29,0.074324003
2015-07-30,0.081242562
2015-07-31,0.079961393
2015-08-01,0.08395892
2015-08-02,0.066669556
2015-08-03,0.063296749
2015-08-04,0.069556886
2015-08-05,0.087459928
2015-08-06,0.09467651
2015-08-07,0.109218464
2015-08-08,0.124167204
2015-08-09,0.122040005
2015-08-10,0.139375476
2015-08-11,0.139944843
2015-08-12,0.135468698
2015-08-13,0.123278658
2015-08-14,0.115341703
2015-08-15,0.096825122
2015-08-16,0.113030281
2015-08-17,0.115896631
2015-08-18,0.125191402
2015-08-19,0.104343967
2015-08-20,0.092340582
2015-08-21,0.069322291
2015-08-22,0.045304372
2015-08-23,0.05705876
2015-08-24,0.046627244
2015-08-25,0.003656436
2015-08-26,-0.002024656
2015-08-27,0.010695326
2015-08-28,0.018887313
2015-08-29,0.047934304
2015-08-30,0.046165088
2015-08-31,0.039923808
2015-09-01,0.033370155
2015-09-02,0.035479214
2015-09-03,0.040580015
2015-09-04,0.039989811
2015-09-05,0.028984649
2015-09-06,0.044714524
2015-09-07,0.035063353
2015-09-08,0.04033916
2015-09-09,0.054922721
2015-09-10,0.044707949
2015-09-11,0.042145844
2015-09-12,0.035762817
2015-09-13,0.031898286
2015-09-14,0.030818521
2015-09-15,0.026502161
2015-09-16,0.017706272
2015-09-17,0.022164692
2015-09-18,0.01020621
2015-09-19,0.007810179
2015-09-20,0.029485178
2015-09-21,0.036169828
2015-09-22,0.043170323
2015-09-23,0.01728621
2015-09-24,0.010926885
2015-09-25,0.009639227
2015-09-26,0.005042012
2015-09-27,0.020923661
2015-09-28,0.040509808
2015-09-29,0.043349016
2015-09-30,0.051677439
2015-10-01,0.035903324
2015-10-02,0.020942495
2015-10-03,0.00962437
2015-10-04,0.020152067
2015-10-05,0.02836072
2015-10-06,0.035991899
2015-10-07,0.029677653
2015-10-08,0.015994044
2015-10-09,0.002233485
2015-10-10,-0.006158099
2015-10-11,-0.0128581
2015-10-12,0.002566839
2015-10-13,0.037173685
2015-10-14,0.016830954
2015-10-15,0.00275986
2015-10-16,-0.007631653
2015-10-17,0.004497798
2015-10-18,0.014499765
2015-10-19,0.014170835
2015-10-20,0.015320691
2015-10-21,0.013158858
2015-10-22,0.007820771
2015-10-23,0.006957384
2015-10-24,0.011981678
2015-10-25,0.006270179
2015-10-26,0.000452306
2015-10-27,0.003997983
2015-10-28,0.002573881
2015-10-29,-0.002979838
2015-10-30,-0.002134143
2015-10-31,-0.018358973
2015-11-01,-0.024420252
2015-11-02,-0.015028301
2015-11-03,-0.019729488
2015-11-04,-0.006711529
2015-11-05,-0.003545754
2015-11-06,-0.006473209
2015-11-07,0.020350273
2015-11-08,0.055755899
2015-11-09,0.075365842
2015-11-10,0.086416412
2015-11-11,0.086669395
2015-11-12,0.087345125
2015-11-13,0.108583197
2015-11-14,0.101328803
2015-11-15,0.104884507
2015-11-16,0.091658103
2015-11-17,0.098976056
2015-11-18,0.088690686
2015-11-19,0.069162513
2015-11-20,0.069881781
2015-11-21,0.077215918
2015-11-22,0.096726942
2015-11-23,0.105074601
2015-11-24,0.092434218
2015-11-25,0.088965934
2015-11-26,0.092353327
2015-11-27,0.106884805
2015-11-28,0.129035885
2015-11-29,0.158551953
2015-11-30,0.161823814
2015-12-01,0.145496326
2015-12-02,0.143868112
2015-12-03,0.126739918
2015-12-04,0.119622053
2015-12-05,0.14349821
2015-12-06,0.153846998
2015-12-07,0.168213676
2015-12-08,0.165063807
2015-12-09,0.139892197
2015-12-10,0.13340477
2015-12-11,0.134971474
2015-12-12,0.155993177
2015-12-13,0.163565459
2015-12-14,0.14358646
2015-12-15,0.149155597
2015-12-16,0.150262773
2015-12-17,0.152520322
2015-12-18,0.148157282
2015-12-19,0.133491716
2015-12-20,0.131791441
2015-12-21,0.123069773
2015-12-22,0.122665602
2015-12-23,0.12139559
2015-12-24,0.12068383
2015-12-25,0.132260244
2015-12-26,0.178421528
2015-12-27,0.177440723
2015-12-28,0.181123031
2015-12-29,0.203370063
2015-12-30,0.195251908
2015-12-31,0.177966806
2016-01-01,0.149223325
2016-01-02,0.177832063
2016-01-03,0.16001229
2016-01-04,0.173002092
2016-01-05,0.136426023
2016-01-06,0.131382222
2016-01-07,0.107623286
2016-01-08,0.104671665
2016-01-09,0.118233744
2016-01-10,0.12604107
2016-01-11,0.123483672
2016-01-12,0.105866314
2016-01-13,0.10734278
2016-01-14,0.103649551
2016-01-15,0.093926837
2016-01-16,0.05744144
2016-01-17,0.05231624
2016-01-18,0.049833265
2016-01-19,0.042889832
2016-01-20,0.017286646
2016-01-21,-0.001560512
2016-01-22,0.0029508
2016-01-23,-0.00780309
2016-01-24,-0.00682957
2016-01-25,-0.008990195
2016-01-26,-0.004462391
2016-01-27,-0.008663002
2016-01-28,-0.009618375
2016-01-29,-0.01553438
2016-01-30,-0.01365196
2016-01-31,-0.017178761
2016-02-01,-0.024176121
2016-02-02,-0.009105284
2016-02-03,-0.002017329
2016-02-04,-0.004685751
2016-02-05,-0.015953138
2016-02-06,-0.031211864
2016-02-07,-0.024742442
2016-02-08,-0.026432053
2016-02-09,-0.041229803
2016-02-10,-0.054724142
2016-02-11,-0.075558909
2016-02-12,-0.100345205
2016-02-13,-0.098654634
2016-02-14,-0.092244343
2016-02-15,-0.084953533
2016-02-16,-0.094921102
2016-02-17,-0.095952776
2016-02-18,-0.100866647
2016-02-19,-0.090526782
2016-02-20,-0.081132171
2016-02-21,-0.051399374
2016-02-22,-0.055790102
2016-02-23,-0.050122971
2016-02-24,-0.059172113
2016-02-25,-0.060133389
2016-02-26,-0.053223172
2016-02-27,-0.044849476
2016-02-28,-0.027943081
2016-02-29,-0.032678315
2016-03-01,-0.042681724
2016-03-02,-0.036894664
2016-03-03,-0.037631371
2016-03-04,-0.046082799
2016-03-05,-0.040390601
2016-03-06,-0.020679186
2016-03-07,-0.024047571
2016-03-08,-0.025550535
2016-03-09,-0.022976043
2016-03-10,-0.035597959
2016-03-11,-0.034868151
2016-03-12,-0.053393162
2016-03-13,-0.039507573
2016-03-14,-0.034168678
2016-03-15,-0.029041956
2016-03-16,-0.030005462
2016-03-17,-0.039964446
2016-03-18,-0.050238002
2016-03-19,-0.044910726
2016-03-20,-0.028185729
2016-03-21,-0.015783177
2016-03-22,-0.020463965
2016-03-23,-0.015660897
2016-03-24,-0.028896008
2016-03-25,-0.024396307
2016-03-26,0.003274159
2016-03-27,-0.004024161
2016-03-28,0.001371516
2016-03-29,0.01768342
2016-03-30,0.018171899
2016-03-31,0.010171313
2016-04-01,0.017106585
2016-04-02,0.014058355
2016-04-03,0.009425196
2016-04-04,0.015186437
2016-04-05,-0.005267922
2016-04-06,-0.012396328
2016-04-07,-0.029992723
2016-04-08,-0.031884972
2016-04-09,-0.025391933
2016-04-10,-0.009929907
2016-04-11,-0.002362993
2016-04-12,0.011593051
2016-04-13,-0.005012341
2016-04-14,-0.013897898
2016-04-15,-0.032007963
2016-04-16,-0.030337498
2016-04-17,-0.016758994
2016-04-18,-0.022363103
2016-04-19,-0.028715603
2016-04-20,-0.026068649
2016-04-21,-0.02453786
2016-04-22,-0.020958796
2016-04-23,0.001783111
2016-04-24,-0.018999011
2016-04-25,-0.014143649
2016-04-26,-0.009035119
2016-04-27,-0.023089383
2016-04-28,-0.021973261
2016-04-29,-0.017472776
2016-04-30,-0.026810183
2016-05-01,-0.024783962
2016-05-02,-0.024027474
2016-05-03,-0.02671199
2016-05-04,-0.016221055
2016-05-05,-0.024089792
2016-05-06,-0.010347908
2016-05-07,-0.014507635
2016-05-08,0.003504479
2016-05-09,0.002708495
2016-05-10,-0.004196851
2016-05-11,-0.007308808
2016-05-12,0.003479997
2016-05-13,0.002325291
2016-05-14,0.017148894
2016-05-15,0.010258128
2016-05-16,0.023947478
2016-05-17,0.038441038
2016-05-18,0.030427608
2016-05-19,0.041598188
2016-05-20,0.036246824
2016-05-21,0.064815512
2016-05-22,0.097150636
2016-05-23,0.085208618
2016-05-24,0.069029116
2016-05-25,0.066060152
2016-05-26,0.075312123
2016-05-27,0.086557627
2016-05-28,0.097278184
2016-05-29,0.091137141
2016-05-30,0.105798392
2016-05-31,0.117384171
2016-06-01,0.139735588
2016-06-02,0.13148576
2016-06-03,0.115660692
2016-06-04,0.097430484
2016-06-05,0.110479579
2016-06-06,0.116321605
2016-06-07,0.111798456
2016-06-08,0.122506377
2016-06-09,0.121946354
2016-06-10,0.108701685
2016-06-11,0.093266537
2016-06-12,0.103152804
2016-06-13,0.086241425
2016-06-14,0.080906602
2016-06-15,0.079321077
2016-06-16,0.056200601
2016-06-17,0.043421251
2016-06-18,-0.004358833
2016-06-19,-0.029721311
2016-06-20,-0.046336619
2016-06-21,-0.046034517
2016-06-22,-0.049374966
2016-06-23,-0.044767352
2016-06-24,-0.049397767
2016-06-25,-0.053631449
2016-06-26,-0.057548562
2016-06-27,-0.073084419
2016-06-28,-0.074871509
2016-06-29,-0.07432471
2016-06-30,-0.079877394
2016-07-01,-0.078365359
2016-07-02,-0.074732917
2016-07-03,-0.050883981
2016-07-04,-0.048318662
2016-07-05,-0.060009729
2016-07-06,-0.075399091
2016-07-07,-0.077544524
2016-07-08,-0.06737201
2016-07-09,-0.050363422
2016-07-10,-0.03680295
2016-07-11,-0.038471412
2016-07-12,-0.054552158
2016-07-13,-0.057848188
2016-07-14,-0.055391653
2016-07-15,-0.042379941
2016-07-16,-0.025591684
2016-07-17,-0.039629352
2016-07-18,-0.033887305
2016-07-19,-0.041733512
2016-07-20,-0.025433517
2016-07-21,-0.027828971
2016-07-22,-0.017859057
2016-07-23,0.003520717
2016-07-24,0.001965114
2016-07-25,0.003718974
2016-07-26,0.015160738
2016-07-27,0.030510895
2016-07-28,0.026685795
2016-07-29,0.033433441
2016-07-30,0.043440088
2016-07-31,0.063871209
2016-08-01,0.071335354
2016-08-02,0.072005387
2016-08-03,0.078697535
2016-08-04,0.066826797
2016-08-05,0.072686217
2016-08-06,0.091558258
2016-08-07,0.089382394
2016-08-08,0.094355346
2016-08-09,0.097115081
2016-08-10,0.111055706
2016-08-11,0.105631428
2016-08-12,0.110593713
2016-08-13,0.133894813
2016-08-14,0.14136487
2016-08-15,0.128218153
2016-08-16,0.141420412
2016-08-17,0.149771911
2016-08-18,0.158214189
2016-08-19,0.167965318
2016-08-20,0.177453431
2016-08-21,0.186052873
2016-08-22,0.195249401
2016-08-23,0.190137693
2016-08-24,0.182044104
2016-08-25,0.169474441
2016-08-26,0.167175995
2016-08-27,0.173082961
2016-08-28,0.182168848
2016-08-29,0.170360662
2016-08-30,0.165671465
2016-08-31,0.153443148
2016-09-01,0.138437842
2016-09-02,0.128511791
2016-09-03,0.12627324
2016-09-04,0.144719415
2016-09-05,0.144217681
2016-09-06,0.140509917
2016-09-07,0.140117897
2016-09-08,0.122973362
2016-09-09,0.115500551
2016-09-10,0.123745618
2016-09-11,0.122105531
2016-09-12,0.117573605
2016-09-13,0.11804671
2016-09-14,0.12541293
2016-09-15,0.12525611
2016-09-16,0.127772582
2016-09-17,0.130052807
2016-09-18,0.130590397
2016-09-19,0.105590589
2016-09-20,0.097660495
2016-09-21,0.086366722
2016-09-22,0.086147396
2016-09-23,0.083326906
2016-09-24,0.09551499
2016-09-25,0.099381078
2016-09-26,0.08648159
2016-09-27,0.073483212
2016-09-28,0.072638703
2016-09-29,0.068287004
2016-09-30,0.06332243
2016-10-01,0.062434142
2016-10-02,0.071969061
2016-10-03,0.067905649
2016-10-04,0.057479559
2016-10-05,0.054875951
2016-10-06,0.05637781
2016-10-07,0.054141722
2016-10-08,0.053768788
2016-10-09,0.063907751
2016-10-10,0.072278447
2016-10-11,0.071484665
2016-10-12,0.073381177
2016-10-13,0.062113455
2016-10-14,0.062725597
2016-10-15,0.067568271
2016-10-16,0.059117162
2016-10-17,0.050778635
2016-10-18,0.055827366
2016-10-19,0.062208812
2016-10-20,0.057666654
2016-10-21,0.055359316
2016-10-22,0.071681621
2016-10-23,0.072676214
2016-10-24,0.078850503
2016-10-25,0.105478745
2016-10-26,0.104315653
2016-10-27,0.098770854
2016-10-28,0.094506111
2016-10-29,0.121788594
2016-10-30,0.120422799
2016-10-31,0.109856069
2016-11-01,0.106904245
2016-11-02,0.089557993
2016-11-03,0.08305458
2016-11-04,0.098698579
2016-11-05,0.116232262
2016-11-06,0.117074265
2016-11-07,0.123604933
2016-11-08,0.135528761
2016-11-09,0.142854021
2016-11-10,0.159815693
2016-11-11,0.172743207
2016-11-12,0.197162259
2016-11-13,0.219592419
2016-11-14,0.233845972
2016-11-15,0.236790276
2016-11-16,0.238799109
2016-11-17,0.234200749
2016-11-18,0.251378517
2016-11-19,0.266275336
2016-11-20,0.2751429
2016-11-21,0.276243851
2016-11-22,0.276552666
2016-11-23,0.285256464
2016-11-24,0.278441242
2016-11-25,0.276389474
2016-11-26,0.268399484
2016-11-27,0.292972164
2016-11-28,0.296627904
2016-11-29,0.291339411
2016-11-30,0.303740982
2016-12-01,0.308216781
2016-12-02,0.306915348
2016-12-03,0.314690726
2016-12-04,0.324743219
2016-12-05,0.322417448
2016-12-06,0.312632187
2016-12-07,0.308435323
2016-12-08,0.308147688
2016-12-09,0.311417411
2016-12-10,0.327740609
2016-12-11,0.327692791
2016-12-12,0.326920682
2016-12-13,0.315338589
2016-12-14,0.323370631
2016-12-15,0.325417683
2016-12-16,0.320322986
2016-12-17,0.311932262
2016-12-18,0.318296407
2016-12-19,0.285062856
2016-12-20,0.271147045
2016-12-21,0.252705678
2016-12-22,0.249870593
2016-12-23,0.266050874
2016-12-24,0.247240843
2016-12-25,0.233360887
2016-12-26,0.242758058
2016-12-27,0.252459672
2016-12-28,0.245626704
2016-12-29,0.25357977
2016-12-30,0.250339015
2016-12-31,0.247804417
2017-01-01,0.256970745
2017-01-02,0.262210085
2017-01-03,0.270796678
2017-01-04,0.281734146
2017-01-05,0.290086727
2017-01-06,0.306477602
2017-01-07,0.326101073
2017-01-08,0.31839745
2017-01-09,0.30823151
2017-01-10,0.297771355
2017-01-11,0.297188641
2017-01-12,0.273247321
2017-01-13,0.26984414
2017-01-14,0.29440922
2017-01-15,0.296877468
2017-01-16,0.308656873
2017-01-17,0.312869736
2017-01-18,0.32200921
2017-01-19,0.324536522
2017-01-20,0.318683109
2017-01-21,0.312867937
2017-01-22,0.314626406
2017-01-23,0.317273097
2017-01-24,0.315948118
2017-01-25,0.310393448
2017-01-26,0.300166173
2017-01-27,0.299370968
2017-01-28,0.309606272
2017-01-29,0.312746018
2017-01-30,0.300450827
2017-01-31,0.289244196
2017-02-01,0.282350341
2017-02-02,0.286115664
2017-02-03,0.28581896
2017-02-04,0.309515273
2017-02-05,0.322500052
2017-02-06,0.318916923
2017-02-07,0.319452239
2017-02-08,0.315929304
2017-02-09,0.309330205
2017-02-10,0.307483938
2017-02-11,0.304601967
2017-02-12,0.294561232
2017-02-13,0.303938281
2017-02-14,0.307286315
2017-02-15,0.310521994
2017-02-16,0.307573953
2017-02-17,0.301925812
2017-02-18,0.305328419
2017-02-19,0.331518509
2017-02-20,0.326441355
2017-02-21,0.320080382
2017-02-22,0.312245831
2017-02-23,0.313712329
2017-02-24,0.309622529
2017-02-25,0.3174877
2017-02-26,0.319954024
2017-02-27,0.330445084
2017-02-28,0.331965097
2017-03-01,0.332829942
2017-03-02,0.329308802
2017-03-03,0.329095964
2017-03-04,0.331503054
2017-03-05,0.33645822
2017-03-06,0.328230263
2017-03-07,0.321787084
2017-03-08,0.306154417
2017-03-09,0.295850687
2017-03-10,0.287827536
2017-03-11,0.302887846
2017-03-12,0.283971829
2017-03-13,0.281499111
2017-03-14,0.268223919
2017-03-15,0.264276139
2017-03-16,0.26540996
2017-03-17,0.262573732
2017-03-18,0.266845321
2017-03-19,0.262989874
2017-03-20,0.256659393
2017-03-21,0.248052712
2017-03-22,0.238232915
2017-03-23,0.23531019
2017-03-24,0.235530835
2017-03-25,0.221450816
2017-03-26,0.239499544
2017-03-27,0.237518631
2017-03-28,0.223506904
2017-03-29,0.23544746
2017-03-30,0.22305273
2017-03-31,0.222436525
2017-04-01,0.222760926
2017-04-02,0.229301498
2017-04-03,0.232758255
2017-04-04,0.219133035
2017-04-05,0.20539239
2017-04-06,0.197664165
2017-04-07,0.198458729
2017-04-08,0.194815593
2017-04-09,0.206298263
2017-04-10,0.199242907
2017-04-11,0.18925922
2017-04-12,0.175555014
2017-04-13,0.183851244
2017-04-14,0.198132274
2017-04-15,0.170797667
2017-04-16,0.178104212
2017-04-17,0.195814794
2017-04-18,0.190304879
2017-04-19,0.190408135
2017-04-20,0.185956214
2017-04-21,0.163403222
2017-04-22,0.159315525
2017-04-23,0.161015257
2017-04-24,0.162813936
2017-04-25,0.158664563
2017-04-26,0.163749377
2017-04-27,0.177836409
2017-04-28,0.179476699
2017-04-29,0.182906787
2017-04-30,0.197120187
2017-05-01,0.208479653
2017-05-02,0.219413845
2017-05-03,0.219499199
2017-05-04,0.204266068
2017-05-05,0.202744857
2017-05-06,0.206126231
2017-05-07,0.216557313
2017-05-08,0.222952707
2017-05-09,0.20974214
2017-05-10,0.220249847
2017-05-11,0.215119399
2017-05-12,0.228310612
2017-05-13,0.221302534
2017-05-14,0.220714064
2017-05-15,0.238503144
2017-05-16,0.229891938
2017-05-17,0.220398467
2017-05-18,0.210008378
2017-05-19,0.208184847
2017-05-20,0.191063132
2017-05-21,0.192493598
2017-05-22,0.19394674
2017-05-23,0.186119914
2017-05-24,0.182520852
2017-05-25,0.172136802
2017-05-26,0.159096923
2017-05-27,0.160888463
2017-05-28,0.180309593
2017-05-29,0.175674188
2017-05-30,0.173995158
2017-05-31,0.179918756
2017-06-01,0.180876581
2017-06-02,0.165477809
2017-06-03,0.159123846
2017-06-04,0.141314336
2017-06-05,0.135302843
2017-06-06,0.132813445
2017-06-07,0.12172787
2017-06-08,0.101456887
2017-06-09,0.089414478
2017-06-10,0.071994915
2017-06-11,0.085841111
2017-06-12,0.092492484
2017-06-13,0.082759576
2017-06-14,0.091032957
2017-06-15,0.086450404
2017-06-16,0.09318959
2017-06-17,0.0994531
2017-06-18,0.105339754
2017-06-19,0.103479554
2017-06-20,0.106724363
2017-06-21,0.109672953
2017-06-22,0.106184925
2017-06-23,0.095964914
2017-06-24,0.074532897
2017-06-25,0.08256442
2017-06-26,0.083851269
2017-06-27,0.068274619
2017-06-28,0.06558579
2017-06-29,0.055698784
2017-06-30,0.046632573
2017-07-01,0.029415463
2017-07-02,0.019660659
2017-07-03,0.026722427
2017-07-04,0.031060191
2017-07-05,0.019000244
2017-07-06,0.016089764
2017-07-07,0.026046155
2017-07-08,0.030885959
2017-07-09,0.02549524
2017-07-10,0.04006708
2017-07-11,0.038983769
2017-07-12,0.042079139
2017-07-13,0.044468726
2017-07-14,0.057406356
2017-07-15,0.067233315
2017-07-16,0.065488912
2017-07-17,0.071516154
2017-07-18,0.08162386
2017-07-19,0.090348128
2017-07-20,0.087728884
2017-07-21,0.094286795
2017-07-22,0.084000595
2017-07-23,0.093224718
2017-07-24,0.091099066
2017-07-25,0.095123934
2017-07-26,0.109503749
2017-07-27,0.108975716
2017-07-28,0.124958591
2017-07-29,0.145503911
2017-07-30,0.136600087
2017-07-31,0.136463871
2017-08-01,0.152211261
2017-08-02,0.143092299
2017-08-03,0.146660074
2017-08-04,0.146056498
2017-08-05,0.168984537
2017-08-06,0.173619767
2017-08-07,0.177006826
2017-08-08,0.162384043
2017-08-09,0.184118801
2017-08-10,0.169089205
2017-08-11,0.148242442
2017-08-12,0.125740562
2017-08-13,0.111551187
2017-08-14,0.135315778
2017-08-15,0.137638951
2017-08-16,0.132374192
2017-08-17,0.130123757
2017-08-18,0.130480598
2017-08-19,0.131535677
2017-08-20,0.141939798
2017-08-21,0.153759547
2017-08-22,0.142241189
2017-08-23,0.123705159
2017-08-24,0.093812769
2017-08-25,0.07107193
2017-08-26,0.067140482
2017-08-27,0.086989382
2017-08-28,0.102727318
2017-08-29,0.098759985
2017-08-30,0.118021937
2017-08-31,0.138564186
2017-09-01,0.144800112
2017-09-02,0.132270175
2017-09-03,0.109005975
2017-09-04,0.073610647
2017-09-05,0.061111919
2017-09-06,0.053576578
2017-09-07,0.036631685
2017-09-08,0.02562689
2017-09-09,0.015508613
2017-09-10,0.032657504
2017-09-11,0.017240502
2017-09-12,0.013010234
2017-09-13,0.02145259
2017-09-14,0.028071163
2017-09-15,0.016385026
2017-09-16,0.01375159
2017-09-17,0.014177605
2017-09-18,0.024804964
2017-09-19,0.035662813
2017-09-20,0.032966598
2017-09-21,0.043282164
2017-09-22,0.037046805
2017-09-23,0.039878448
2017-09-24,0.052359512
2017-09-25,0.045500057
2017-09-26,0.041362225
2017-09-27,0.050511944
2017-09-28,0.068198839
2017-09-29,0.094040729
2017-09-30,0.114187167
2017-10-01,0.130009846
2017-10-02,0.146341612
2017-10-03,0.145139697
2017-10-04,0.146521904
2017-10-05,0.1389707
2017-10-06,0.138451552
2017-10-07,0.124258226
2017-10-08,0.106405854
2017-10-09,0.099349432
2017-10-10,0.090178548
2017-10-11,0.098239639
2017-10-12,0.100114208
2017-10-13,0.112393396
2017-10-14,0.091802305
2017-10-15,0.102569512
2017-10-16,0.124897537
2017-10-17,0.14056288
2017-10-18,0.158929163
2017-10-19,0.161286353
2017-10-20,0.157694304
2017-10-21,0.139517212
2017-10-22,0.1364556
2017-10-23,0.153267046
2017-10-24,0.152355354
2017-10-25,0.163381782
2017-10-26,0.168787148
2017-10-27,0.187470006
2017-10-28,0.206301616
2017-10-29,0.216870734
2017-10-30,0.222614356
2017-10-31,0.235850741
2017-11-01,0.237878004
2017-11-02,0.24261268
2017-11-03,0.249337264
2017-11-04,0.253422471
2017-11-05,0.263526179
2017-11-06,0.269257453
2017-11-07,0.27800052
2017-11-08,0.293155709
2017-11-09,0.288673984
2017-11-10,0.282251466
2017-11-11,0.282104153
2017-11-12,0.289187922
2017-11-13,0.296720502
2017-11-14,0.290511733
2017-11-15,0.292981145
2017-11-16,0.286842203
2017-11-17,0.268494243
2017-11-18,0.257957966
2017-11-19,0.265382734
2017-11-20,0.277966443
2017-11-21,0.281910587
2017-11-22,0.263237598
2017-11-23,0.233954544
2017-11-24,0.232707026
2017-11-25,0.193768071
2017-11-26,0.191878536
2017-11-27,0.18928401
2017-11-28,0.203681283
2017-11-29,0.200898222
2017-11-30,0.203726666
2017-12-01,0.201928755
2017-12-02,0.196596965
2017-12-03,0.189069895
2017-12-04,0.191566681
2017-12-05,0.200712581
2017-12-06,0.196633843
2017-12-07,0.190765993
2017-12-08,0.206002988
2017-12-09,0.217028188
2017-12-10,0.23393217
2017-12-11,0.240444059
2017-12-12,0.255229858
2017-12-13,0.251462305
2017-12-14,0.247142275
2017-12-15,0.256563905
2017-12-16,0.269796028
2017-12-17,0.277556494
2017-12-18,0.275390127
2017-12-19,0.267350746
2017-12-20,0.267030254
2017-12-21,0.273862662
2017-12-22,0.271372522
2017-12-23,0.281930083
2017-12-24,0.283782195
2017-12-25,0.300156324
2017-12-26,0.302855884
2017-12-27,0.30463126
2017-12-28,0.291430125
2017-12-29,0.276557293
2017-12-30,0.263973531
2017-12-31,0.278351198
2018-01-01,0.261266867
2018-01-02,0.253942833
2018-01-03,0.272753838
2018-01-04,0.244592537
2018-01-05,0.243920315
2018-01-06,0.256269302
2018-01-07,0.265659723
2018-01-08,0.278002204
2018-01-09,0.283293449
2018-01-10,0.290740596
2018-01-11,0.285933473
2018-01-12,0.289690659
2018-01-13,0.281743904
2018-01-14,0.280625898
2018-01-15,0.245670476
2018-01-16,0.235877732
2018-01-17,0.237447002
2018-01-18,0.228214241
2018-01-19,0.228908937
2018-01-20,0.214904813
2018-01-21,0.182534038
2018-01-22,0.175618667
2018-01-23,0.176580178
2018-01-24,0.177050181
2018-01-25,0.184270309
2018-01-26,0.199647776
2018-01-27,0.208129412
2018-01-28,0.200628349
2018-01-29,0.192715383
2018-01-30,0.207892459
2018-01-31,0.221654876
2018-02-01,0.220523083
2018-02-02,0.225697402
2018-02-03,0.225677182
2018-02-04,0.234545102
2018-02-05,0.247881923
2018-02-06,0.223124061
2018-02-07,0.201670087
2018-02-08,0.183513126
2018-02-09,0.168547908
2018-02-10,0.166681779
2018-02-11,0.158272145
2018-02-12,0.154294479
2018-02-13,0.160743355
2018-02-14,0.165096379
2018-02-15,0.164331835
2018-02-16,0.165210497
2018-02-17,0.156431912
2018-02-18,0.142807522
2018-02-19,0.124293238
2018-02-20,0.132498431
2018-02-21,0.132452487
2018-02-22,0.129248804
2018-02-23,0.131945016
2018-02-24,0.133909167
2018-02-25,0.135371403
2018-02-26,0.15264948
2018-02-27,0.163874766
2018-02-28,0.186893438
2018-03-01,0.178850044
2018-03-02,0.161689347
2018-03-03,0.145794364
2018-03-04,0.134295346
2018-03-05,0.123618511
2018-03-06,0.117274577
2018-03-07,0.109116505
2018-03-08,0.100427837
2018-03-09,0.097263119
2018-03-10,0.10947995
2018-03-11,0.110106475
2018-03-12,0.117926737
2018-03-13,0.121113378
2018-03-14,0.13351049
2018-03-15,0.128856468
2018-03-16,0.130898085
2018-03-17,0.142439886
2018-03-18,0.151603598
2018-03-19,0.140056237
2018-03-20,0.13592341
2018-03-21,0.125024404
2018-03-22,0.123248029
2018-03-23,0.106179125
2018-03-24,0.087646741
2018-03-25,0.086164671
2018-03-26,0.081540786
2018-03-27,0.071452748
2018-03-28,0.076117587
2018-03-29,0.082857667
2018-03-30,0.082454022
2018-03-31,0.079456234
2018-04-01,0.072940509
2018-04-02,0.048804976
2018-04-03,0.058285276
2018-04-04,0.046172686
2018-04-05,0.022857546
2018-04-06,0.003926182
2018-04-07,-0.00955317
2018-04-08,0.00257361
2018-04-09,-0.00735
2018-04-10,-0.025931572
2018-04-11,-0.023314511
2018-04-12,-0.018522284
2018-04-13,-0.010647157
2018-04-14,-0.00484139
2018-04-15,0.014064863
2018-04-16,0.009231642
2018-04-17,0.015478392
2018-04-18,0.003491503
2018-04-19,0.008831525
2018-04-20,0.00125098
2018-04-21,0.016573919
2018-04-22,-0.004958396
2018-04-23,0.00650101
2018-04-24,0.016563123
2018-04-25,0.013862698
2018-04-26,0.008180198
2018-04-27,0.026887227
2018-04-28,0.037083958
2018-04-29,0.051015833
2018-04-30,0.049051973
2018-05-01,0.045194707
2018-05-02,0.04493834
2018-05-03,0.042072241
2018-05-04,0.043586086
2018-05-05,0.049332595
2018-05-06,0.048221696
2018-05-07,0.055678046
2018-05-08,0.065000018
2018-05-09,0.064225843
2018-05-10,0.044269307
2018-05-11,0.042905571
2018-05-12,0.040981462
2018-05-13,0.050804941
2018-05-14,0.05182963
2018-05-15,0.055290424
2018-05-16,0.045834638
2018-05-17,0.045481464
2018-05-18,0.038578734
2018-05-19,0.041369977
2018-05-20,0.046790727
2018-05-21,0.053262156
2018-05-22,0.034405605
2018-05-23,0.020044422
2018-05-24,0.013211231
2018-05-25,0.009407805
2018-05-26,0.013656836
2018-05-27,0.029241431
2018-05-28,0.030693993
2018-05-29,0.011323068
2018-05-30,-0.009516985
2018-05-31,-0.019778993
2018-06-01,-0.032884085
2018-06-02,-0.032990112
2018-06-03,-0.047924832
2018-06-04,-0.054838709
2018-06-05,-0.066774566
2018-06-06,-0.071550965
2018-06-07,-0.070405546
2018-06-08,-0.057527183
2018-06-09,-0.04955727
2018-06-10,-0.052334468
2018-06-11,-0.060377079
2018-06-12,-0.054681476
2018-06-13,-0.043375237
2018-06-14,-0.036363702
2018-06-15,-0.034132515
2018-06-16,-0.039802449
2018-06-17,-0.040325851
2018-06-18,-0.044054981
2018-06-19,-0.067875773
2018-06-20,-0.087480933
2018-06-21,-0.098380749
2018-06-22,-0.098400349
2018-06-23,-0.100627603
2018-06-24,-0.101130406
2018-06-25,-0.115196388
2018-06-26,-0.136247214
2018-06-27,-0.143187834
2018-06-28,-0.139373428
2018-06-29,-0.136878724
2018-06-30,-0.143237216
2018-07-01,-0.13515354
2018-07-02,-0.135290658
2018-07-03,-0.136533657
2018-07-04,-0.146485874
2018-07-05,-0.158395553
2018-07-06,-0.160173907
2018-07-07,-0.174379755
2018-07-08,-0.173591037
2018-07-09,-0.154468801
2018-07-10,-0.142679362
2018-07-11,-0.148523075
2018-07-12,-0.155594958
2018-07-13,-0.145938667
2018-07-14,-0.144978591
2018-07-15,-0.133432012
2018-07-16,-0.130922632
2018-07-17,-0.128231653
2018-07-18,-0.129342656
2018-07-19,-0.134120663
2018-07-20,-0.138622116
2018-07-21,-0.129316073
2018-07-22,-0.124616256
2018-07-23,-0.114068234
2018-07-24,-0.104459551
2018-07-25,-0.10393807
2018-07-26,-0.095411214
2018-07-27,-0.080448679
2018-07-28,-0.040336713
2018-07-29,-0.038183483
2018-07-30,-0.045860366
2018-07-31,-0.028898735
2018-08-01,-0.018545148
2018-08-02,-0.010913938
2018-08-03,-0.002273063
2018-08-04,-0.014899937
2018-08-05,-0.025580356
2018-08-06,-0.026779368
2018-08-07,-0.038657594
2018-08-08,-0.036755563
2018-08-09,-0.039313835
2018-08-10,-0.022750886
2018-08-11,-0.035457161
2018-08-12,-0.029076674
2018-08-13,-0.034670231
2018-08-14,-0.059495987
2018-08-15,-0.091233898
2018-08-16,-0.096705975
2018-08-17,-0.098992382
2018-08-18,-0.107170865
2018-08-19,-0.081323789
2018-08-20,-0.081006857
2018-08-21,-0.063522771
2018-08-22,-0.053455247
2018-08-23,-0.053848371
2018-08-24,-0.046649128
2018-08-25,-0.045483333
2018-08-26,-0.057326183
2018-08-27,-0.050763105
2018-08-28,-0.026784773
2018-08-29,-0.009233814
2018-08-30,0.002133707
2018-08-31,0.0083039
2018-09-01,0.027929649
2018-09-02,0.027847896
2018-09-03,0.01214499
2018-09-04,0.002157744
2018-09-05,0.009505993
2018-09-06,0.018100503
2018-09-07,0.029774619
2018-09-08,0.03023904
2018-09-09,0.026066301
2018-09-10,0.019249681
2018-09-11,0.011795098
2018-09-12,0.008966054
2018-09-13,-0.002879146
2018-09-14,-0.013107395
2018-09-15,-0.019423464
2018-09-16,-0.042151571
2018-09-17,-0.023697966
2018-09-18,-0.025200166
2018-09-19,-0.029819877
2018-09-20,-0.031238416
2018-09-21,-0.045415568
2018-09-22,-0.045319079
2018-09-23,-0.033491602
2018-09-24,-0.033025942
2018-09-25,-0.027082927
2018-09-26,-0.025574545
2018-09-27,-0.012102836
2018-09-28,-0.013552155
2018-09-29,0.008835308
2018-09-30,0.019725239
2018-10-01,0.045689347
2018-10-02,0.070490097
2018-10-03,0.086889714
2018-10-04,0.091323649
2018-10-05,0.084764371
2018-10-06,0.077331719
2018-10-07,0.087089672
2018-10-08,0.100262632
2018-10-09,0.08133065
2018-10-10,0.087351994
2018-10-11,0.07644886
2018-10-12,0.069403872
2018-10-13,0.058154907
2018-10-14,0.059715563
2018-10-15,0.038786927
2018-10-16,0.03698943
2018-10-17,0.028209536
2018-10-18,0.013618457
2018-10-19,-0.015959891
2018-10-20,0.008244411
2018-10-21,-0.009154158
2018-10-22,-0.008788416
2018-10-23,-0.012046357
2018-10-24,-0.006180489
2018-10-25,-0.02129238
2018-10-26,-0.015539583
2018-10-27,-0.005577309
2018-10-28,0.004493817
2018-10-29,0.013354422
2018-10-30,0.005403307
2018-10-31,0.018637639
2018-11-01,0.02926755
2018-11-02,0.030590645
2018-11-03,0.041085298
2018-11-04,0.027080115
2018-11-05,0.033385926
2018-11-06,0.031641692
2018-11-07,0.022067647
2018-11-08,0.017863067
2018-11-09,0.023873225
2018-11-10,0.028471193
2018-11-11,0.020812649
2018-11-12,0.025711326
2018-11-13,0.039298706
2018-11-14,0.05488871
2018-11-15,0.051854917
2018-11-16,0.050214336
2018-11-17,0.058114082
2018-11-18,0.049494876
2018-11-19,0.038721858
2018-11-20,0.054288548
2018-11-21,0.031303607
2018-11-22,0.033830968
2018-11-23,0.030959308
2018-11-24,0.041149559
2018-11-25,0.070958282
2018-11-26,0.077372997
2018-11-27,0.071823052
2018-11-28,0.076213386
2018-11-29,0.070382634
2018-11-30,0.069787488
2018-12-01,0.076584166
2018-12-02,0.078870881
2018-12-03,0.082224112
2018-12-04,0.077463482
2018-12-05,0.083879294
2018-12-06,0.070309282
2018-12-07,0.054638335
2018-12-08,0.04170295
2018-12-09,0.060917914
2018-12-10,0.051916234
2018-12-11,0.025443828
2018-12-12,0.013483527
2018-12-13,0.002687382
2018-12-14,0.001037944
2018-12-15,-0.001717048
2018-12-16,0.001033152
2018-12-17,-0.002785254
2018-12-18,-0.020058951
2018-12-19,-0.018817629
2018-12-20,-0.032714866
2018-12-21,-0.04598913
2018-12-22,-0.045515077
2018-12-23,-0.043358661
2018-12-24,-0.039341031
2018-12-25,-0.065620827
2018-12-26,-0.075805119
2018-12-27,-0.069046744
2018-12-28,-0.072578272
2018-12-29,-0.074528338
2018-12-30,-0.061861512
2018-12-31,-0.057361216
2019-01-01,-0.070034166
2019-01-02,-0.081207658
2019-01-03,-0.095706065
2019-01-04,-0.096364612
2019-01-05,-0.094805932
2019-01-06,-0.088487017
2019-01-07,-0.077777918
2019-01-08,-0.071791182
2019-01-09,-0.076723297
2019-01-10,-0.088016664
2019-01-11,-0.096150833
2019-01-12,-0.104334034
2019-01-13,-0.090574635
2019-01-14,-0.103221086
2019-01-15,-0.102838696
2019-01-16,-0.093786032
2019-01-17,-0.102793282
2019-01-18,-0.097704048
2019-01-19,-0.088628058
2019-01-20,-0.080272503
2019-01-21,-0.077519013
2019-01-22,-0.098982991
2019-01-23,-0.111528198
2019-01-24,-0.118120091
2019-01-25,-0.112271199
2019-01-26,-0.092460193
2019-01-27,-0.090493233
2019-01-28,-0.098774357
2019-01-29,-0.112203455
2019-01-30,-0.115796951
2019-01-31,-0.117568011
2019-02-01,-0.102284354
2019-02-02,-0.085125006
2019-02-03,-0.064287582
2019-02-04,-0.054846642
2019-02-05,-0.04462926
2019-02-06,-0.040392091
2019-02-07,-0.03811562
2019-02-08,-0.034807122
2019-02-09,-0.026500615
2019-02-10,-0.007661219
2019-02-11,-0.014258111
2019-02-12,-0.022320184
2019-02-13,-0.015221121
2019-02-14,-0.027555651
2019-02-15,-0.025196543
2019-02-16,-0.029822885
2019-02-17,-0.013154969
2019-02-18,-0.006349665
2019-02-19,0.002654595
2019-02-20,0.009548039
2019-02-21,0.024341737
2019-02-22,0.028033295
2019-02-23,0.031968248
2019-02-24,0.051905382
2019-02-25,0.042802837
2019-02-26,0.042883025
2019-02-27,0.045881771
2019-02-28,0.04980714
2019-03-01,0.062285046
2019-03-02,0.079124176
2019-03-03,0.091032047
2019-03-04,0.106785215
2019-03-05,0.120839266
2019-03-06,0.122171689
2019-03-07,0.113298074
2019-03-08,0.105141243
2019-03-09,0.097193652
2019-03-10,0.0901234
2019-03-11,0.091026598
2019-03-12,0.092263456
2019-03-13,0.094828166
2019-03-14,0.090716145
2019-03-15,0.091326026
2019-03-16,0.11727337
2019-03-17,0.107158651
2019-03-18,0.122908671
2019-03-19,0.135929276
2019-03-20,0.1438935
2019-03-21,0.142007262
2019-03-22,0.124059224
2019-03-23,0.102283847
2019-03-24,0.104573905
2019-03-25,0.088148281
2019-03-26,0.079920233
2019-03-27,0.073554018
2019-03-28,0.062519612
2019-03-29,0.055794978
2019-03-30,0.034011966
2019-03-31,0.029153748
2019-04-01,0.025212323
2019-04-02,0.025164212
2019-04-03,0.025870149
2019-04-04,0.041104896
2019-04-05,0.048785008
2019-04-06,0.068972537
2019-04-07,0.073400024
2019-04-08,0.078711634
2019-04-09,0.068909842
2019-04-10,0.059835641
2019-04-11,0.052280404
2019-04-12,0.060092274
2019-04-13,0.069724526
2019-04-14,0.07852319
2019-04-15,0.101215069
2019-04-16,0.099898897
2019-04-17,0.107695415
2019-04-18,0.116828626
2019-04-19,0.132074892
2019-04-20,0.130021946
2019-04-21,0.136569022
2019-04-22,0.13718687
2019-04-23,0.147054955
2019-04-24,0.153251025
2019-04-25,0.141008734
2019-04-26,0.141966351
2019-04-27,0.159942715
2019-04-28,0.180373072
2019-04-29,0.180947126
2019-04-30,0.197856318
2019-05-01,0.187775419
2019-05-02,0.174732476
2019-05-03,0.187613341
2019-05-04,0.212543683
2019-05-05,0.230000331
2019-05-06,0.215615342
2019-05-07,0.188884335
2019-05-08,0.168796253
2019-05-09,0.151930247
2019-05-10,0.136915815
2019-05-11,0.118577393
2019-05-12,0.101239992
2019-05-13,0.075950694
2019-05-14,0.05801232
2019-05-15,0.049587458
2019-05-16,0.043660753
2019-05-17,0.037049276
2019-05-18,0.035518012
2019-05-19,0.061856611
2019-05-20,0.052655275
2019-05-21,0.038225474
2019-05-22,0.025187816
2019-05-23,0.004983868
2019-05-24,-0.011106057
2019-05-25,-0.011806871
2019-05-26,-0.002974285
2019-05-27,0.002612882
2019-05-28,-0.007750753
2019-05-29,-0.01875538
2019-05-30,-0.036890201
2019-05-31,-0.056601051
2019-06-01,-0.096213186
2019-06-02,-0.112597666
2019-06-03,-0.126472275
2019-06-04,-0.147724909
2019-06-05,-0.171702382
2019-06-06,-0.184717508
2019-06-07,-0.200384003
2019-06-08,-0.211887224
2019-06-09,-0.225233038
2019-06-10,-0.22458563
2019-06-11,-0.222003893
2019-06-12,-0.218463182
2019-06-13,-0.216882877
2019-06-14,-0.213637484
2019-06-15,-0.199552433
2019-06-16,-0.205238033
2019-06-17,-0.192325467
2019-06-18,-0.192743231
2019-06-19,-0.172520053
2019-06-20,-0.170725923
2019-06-21,-0.175826665
2019-06-22,-0.190799909
2019-06-23,-0.183664469
2019-06-24,-0.189125182
2019-06-25,-0.192539667
2019-06-26,-0.19038496
2019-06-27,-0.185055022
2019-06-28,-0.170254687
2019-06-29,-0.153823211
2019-06-30,-0.155640475
2019-07-01,-0.16575902
2019-07-02,-0.170500324
2019-07-03,-0.153574254
2019-07-04,-0.160289013
2019-07-05,-0.146571786
2019-07-06,-0.157267055
2019-07-07,-0.132552064
2019-07-08,-0.14257023
2019-07-09,-0.149819345
2019-07-10,-0.138458701
2019-07-11,-0.130709275
2019-07-12,-0.132034679
2019-07-13,-0.116715108
2019-07-14,-0.112075683
2019-07-15,-0.109750374
2019-07-16,-0.112730287
2019-07-17,-0.107521127
2019-07-18,-0.099303127
2019-07-19,-0.100466968
2019-07-20,-0.081403393
2019-07-21,-0.056428293
2019-07-22,-0.046767804
2019-07-23,-0.040751533
2019-07-24,-0.05285514
2019-07-25,-0.079508857
2019-07-26,-0.075062723
2019-07-27,-0.06358115
2019-07-28,-0.052037601
2019-07-29,-0.051280591
2019-07-30,-0.047227018
2019-07-31,-0.047034266
2019-08-01,-0.066889104
2019-08-02,-0.083468794
2019-08-03,-0.091052862
2019-08-04,-0.071568193
2019-08-05,-0.075741711
2019-08-06,-0.124090475
2019-08-07,-0.147264197
2019-08-08,-0.160752692
2019-08-09,-0.197260011
2019-08-10,-0.195389857
2019-08-11,-0.181362973
2019-08-12,-0.195005285
2019-08-13,-0.211956338
2019-08-14,-0.227779734
2019-08-15,-0.25502547
2019-08-16,-0.267910494
2019-08-17,-0.29155714
2019-08-18,-0.300374486
2019-08-19,-0.28817728
2019-08-20,-0.296136682
2019-08-21,-0.294615495
2019-08-22,-0.297254683
2019-08-23,-0.298268575
2019-08-24,-0.315491309
2019-08-25,-0.313731755
2019-08-26,-0.306030278
2019-08-27,-0.283392779
2019-08-28,-0.257868349
2019-08-29,-0.212896106
2019-08-30,-0.211255648
2019-08-31,-0.202075725
2019-09-01,-0.182836837
2019-09-02,-0.179486697
2019-09-03,-0.198664597
2019-09-04,-0.198263909
2019-09-05,-0.194535935
2019-09-06,-0.1935726
2019-09-07,-0.197185333
2019-09-08,-0.208622717
2019-09-09,-0.208144724
2019-09-10,-0.205335325
2019-09-11,-0.203328358
2019-09-12,-0.188505422
2019-09-13,-0.178872757
2019-09-14,-0.178787211
2019-09-15,-0.170837824
2019-09-16,-0.18445613
2019-09-17,-0.192477153
2019-09-18,-0.189060347
2019-09-19,-0.202480597
2019-09-20,-0.202122848
2019-09-21,-0.205218832
2019-09-22,-0.193400308
2019-09-23,-0.182161303
2019-09-24,-0.155064802
2019-09-25,-0.148037607
2019-09-26,-0.14071789
2019-09-27,-0.139785728
2019-09-28,-0.16309707
2019-09-29,-0.153482303
2019-09-30,-0.147881491
2019-10-01,-0.16457868
2019-10-02,-0.187185013
2019-10-03,-0.198359088
2019-10-04,-0.199857511
2019-10-05,-0.202558826
2019-10-06,-0.221740753
2019-10-07,-0.2278942
2019-10-08,-0.247338791
2019-10-09,-0.248847561
2019-10-10,-0.259897757
2019-10-11,-0.241358818
2019-10-12,-0.217342658
2019-10-13,-0.198181122
2019-10-14,-0.197186661
2019-10-15,-0.189962411
2019-10-16,-0.186312903
2019-10-17,-0.197078089
2019-10-18,-0.191162648
2019-10-19,-0.195016157
2019-10-20,-0.191057511
2019-10-21,-0.184737757
2019-10-22,-0.183010719
2019-10-23,-0.17483261
2019-10-24,-0.168747651
2019-10-25,-0.1822094
2019-10-26,-0.201191465
2019-10-27,-0.182762472
2019-10-28,-0.176307109
2019-10-29,-0.177695816
2019-10-30,-0.165070189
2019-10-31,-0.166259923
2019-11-01,-0.148911187
2019-11-02,-0.137509541
2019-11-03,-0.142024934
2019-11-04,-0.129898377
2019-11-05,-0.105530221
2019-11-06,-0.099016112
2019-11-07,-0.09552023
2019-11-08,-0.073910858
2019-11-09,-0.071428909
2019-11-10,-0.048458123
2019-11-11,-0.036106601
2019-11-12,-0.026547604
2019-11-13,-0.024543066
2019-11-14,-0.016106873
2019-11-15,0.004457867
2019-11-16,0.015299493
2019-11-17,0.010348453
2019-11-18,-0.026080723
2019-11-19,-0.028669409
2019-11-20,-0.033249074
2019-11-21,-0.032503738
2019-11-22,-0.030162234
2019-11-23,-0.025469478
2019-11-24,-0.047015669
2019-11-25,-0.03477237
2019-11-26,-0.03224
2019-11-27,-0.036366803
2019-11-28,-0.028004104
2019-11-29,-0.038936154
2019-11-30,-0.024248764
2019-12-01,-0.009441214
2019-12-02,-0.003233057
2019-12-03,-0.006758367
2019-12-04,-0.006539466
2019-12-05,-0.003322888
2019-12-06,0.006596725
2019-12-07,0.016918555
2019-12-08,0.030553576
2019-12-09,0.011901243
2019-12-10,0.030208421
2019-12-11,0.051155979
2019-12-12,0.05074119
2019-12-13,0.062886911
2019-12-14,0.078541613
2019-12-15,0.094804843
2019-12-16,0.090976218
2019-12-17,0.086710944
2019-12-18,0.1024658
2019-12-19,0.107795019
2019-12-20,0.131255171
2019-12-21,0.129774852
2019-12-22,0.115853788
2019-12-23,0.126595741
2019-12-24,0.143070683
2019-12-25,0.152276644
2019-12-26,0.150769329
2019-12-27,0.168166949
2019-12-28,0.197755185
2019-12-29,0.190823555
2019-12-30,0.170338562
2019-12-31,0.180950498
2020-01-01,0.17201945
2020-01-02,0.165556992
2020-01-03,0.173956561
2020-01-04,0.161275371
2020-01-05,0.147898621
2020-01-06,0.14022574
2020-01-07,0.123612192
2020-01-08,0.110290659
2020-01-09,0.11591678
2020-01-10,0.133102079
2020-01-11,0.128410217
2020-01-12,0.143867541
2020-01-13,0.141636212
2020-01-14,0.132108507
2020-01-15,0.134643508
2020-01-16,0.141305552
2020-01-17,0.141184993
2020-01-18,0.121668693
2020-01-19,0.13820319
2020-01-20,0.126978339
2020-01-21,0.114558097
2020-01-22,0.109707996
2020-01-23,0.097670492
2020-01-24,0.071263561
2020-01-25,0.080979423
2020-01-26,0.092257875
2020-01-27,0.094893749
2020-01-28,0.095029743
2020-01-29,0.086398397
2020-01-30,0.074032322
2020-01-31,0.061069636
2020-02-01,0.042424125
2020-02-02,0.046890028
2020-02-03,0.026530165
2020-02-04,0.006788123
2020-02-05,0.028981265
2020-02-06,0.015834345
2020-02-07,-0.026391716
2020-02-08,-0.023699492
2020-02-09,-0.003241513
2020-02-10,0.002167416
2020-02-11,0.007844437
2020-02-12,0.002676951
2020-02-13,0.013436984
2020-02-14,0.010871495
2020-02-15,0.01224247
2020-02-16,0.012836098
2020-02-17,0.015816735
2020-02-18,0.002327749
2020-02-19,-0.002109704
2020-02-20,-0.020874007
2020-02-21,-0.038021222
2020-02-22,-0.040171147
2020-02-23,-0.037236716
2020-02-24,-0.026419152
2020-02-25,-0.036537494
2020-02-26,-0.029001821
2020-02-27,-0.042674959
2020-02-28,-0.09716975
2020-02-29,-0.13583747
2020-03-01,-0.149862792
2020-03-02,-0.154929832
2020-03-03,-0.186412624
2020-03-04,-0.225842458
2020-03-05,-0.217805848
2020-03-06,-0.233610341
2020-03-07,-0.247711574
2020-03-08,-0.22665372
2020-03-09,-0.249649476
2020-03-10,-0.286281919
2020-03-11,-0.294736976
2020-03-12,-0.321215432
2020-03-13,-0.346509757
2020-03-14,-0.3549222
2020-03-15,-0.366633077
2020-03-16,-0.3782956
2020-03-17,-0.405864011
2020-03-18,-0.413989583
2020-03-19,-0.429682351
2020-03-20,-0.450409631
2020-03-21,-0.46726937
2020-03-22,-0.489716211
2020-03-23,-0.50443771
2020-03-24,-0.519002387
2020-03-25,-0.513938835
2020-03-26,-0.520196459
2020-03-27,-0.538144332
2020-03-28,-0.542205793
2020-03-29,-0.546705977
2020-03-30,-0.559799066
2020-03-31,-0.557725689
2020-04-01,-0.567527572
2020-04-02,-0.577231297
2020-04-03,-0.594218222
2020-04-04,-0.621011136
2020-04-05,-0.613716662
2020-04-06,-0.612303671
2020-04-07,-0.610361064
2020-04-08,-0.601968642
2020-04-09,-0.609602419
2020-04-10,-0.609612819
2020-04-11,-0.593055058
2020-04-12,-0.588516962
2020-04-13,-0.577549393
2020-04-14,-0.565199121
2020-04-15,-0.582295185
2020-04-16,-0.588158232
2020-04-17,-0.593266841
2020-04-18,-0.589768535
2020-04-19,-0.605130784
2020-04-20,-0.619321021
2020-04-21,-0.621484105
2020-04-22,-0.623974136
2020-04-23,-0.629644762
2020-04-24,-0.651980151
2020-04-25,-0.645821247
2020-04-26,-0.640026855
2020-04-27,-0.639931228
2020-04-28,-0.626024208
2020-04-29,-0.617441463
2020-04-30,-0.610193089
2020-05-01,-0.61642929
2020-05-02,-0.611846318
2020-05-03,-0.624168524
2020-05-04,-0.624524605
2020-05-05,-0.616126418
2020-05-06,-0.613389819
2020-05-07,-0.629421062
2020-05-08,-0.6456174
2020-05-09,-0.650310889
2020-05-10,-0.665627628
2020-05-11,-0.656228607
2020-05-12,-0.663685188
2020-05-13,-0.652913334
2020-05-14,-0.653115387
2020-05-15,-0.672107468
2020-05-16,-0.670607813
2020-05-17,-0.654344448
2020-05-18,-0.64819592
2020-05-19,-0.643432062
2020-05-20,-0.645807086
2020-05-21,-0.625084958
2020-05-22,-0.655959822
2020-05-23,-0.667828719
2020-05-24,-0.641700886
2020-05-25,-0.645364021
2020-05-26,-0.627751628
2020-05-27,-0.610289041
2020-05-28,-0.6093267
2020-05-29,-0.631164296
2020-05-30,-0.618973184
2020-05-31,-0.610266172
2020-06-01,-0.588489057
2020-06-02,-0.611239703
2020-06-03,-0.615951624
2020-06-04,-0.62639639
2020-06-05,-0.628361829
2020-06-06,-0.626927598
2020-06-07,-0.622270437
2020-06-08,-0.616488614
2020-06-09,-0.626170868
2020-06-10,-0.61458845
2020-06-11,-0.607459055
2020-06-12,-0.626322334
2020-06-13,-0.628617429
2020-06-14,-0.630114585
2020-06-15,-0.633075909
2020-06-16,-0.625196419
2020-06-17,-0.620452997
2020-06-18,-0.630574706
2020-06-19,-0.616859397
2020-06-20,-0.612983598
2020-06-21,-0.599232247
2020-06-22,-0.594190851
2020-06-23,-0.570911499
2020-06-24,-0.568711588
2020-06-25,-0.58062838
2020-06-26,-0.587988133
2020-06-27,-0.580928057
2020-06-28,-0.568473334
2020-06-29,-0.556898064
2020-06-30,-0.546352681
2020-07-01,-0.528906809
2020-07-02,-0.529673887
2020-07-03,-0.549341822
2020-07-04,-0.531560285
2020-07-05,-0.520716693
2020-07-06,-0.51078345
2020-07-07,-0.494319684
2020-07-08,-0.482218691
2020-07-09,-0.462442696
2020-07-10,-0.470328298
2020-07-11,-0.479136847
2020-07-12,-0.47649528
2020-07-13,-0.468741222
2020-07-14,-0.485346659
2020-07-15,-0.462765461
2020-07-16,-0.472058478
2020-07-17,-0.472503067
2020-07-18,-0.466670212
2020-07-19,-0.446259685
2020-07-20,-0.453383782
2020-07-21,-0.459649371
2020-07-22,-0.434787018
2020-07-23,-0.438854271
2020-07-24,-0.456742471
2020-07-25,-0.467414497
2020-07-26,-0.452050642
2020-07-27,-0.425815528
2020-07-28,-0.427173066
2020-07-29,-0.415020875
2020-07-30,-0.41913421
2020-07-31,-0.440504014
2020-08-01,-0.424290915
2020-08-02,-0.422829065
2020-08-03,-0.419463847
2020-08-04,-0.416473898
2020-08-05,-0.407778065
2020-08-06,-0.411820719
2020-08-07,-0.419734642
2020-08-08,-0.426382403
2020-08-09,-0.410817688
2020-08-10,-0.415351086
2020-08-11,-0.416459005
2020-08-12,-0.399118009
2020-08-13,-0.392574232
2020-08-14,-0.406338007
2020-08-15,-0.39460741
2020-08-16,-0.37961813
2020-08-17,-0.35558112
2020-08-18,-0.347959671
2020-08-19,-0.329271119
2020-08-20,-0.344115024
2020-08-21,-0.365054144
2020-08-22,-0.363147744
2020-08-23,-0.352706189
2020-08-24,-0.352194928
2020-08-25,-0.332452039
2020-08-26,-0.322164065
2020-08-27,-0.327933269
2020-08-28,-0.339183883
2020-08-29,-0.340672779
2020-08-30,-0.340619137
2020-08-31,-0.349017675
2020-09-01,-0.334179149
2020-09-02,-0.336610925
2020-09-03,-0.332787234
2020-09-04,-0.333346407
2020-09-05,-0.327443944
2020-09-06,-0.306382269
2020-09-07,-0.313299955
2020-09-08,-0.310175694
2020-09-09,-0.3057992
2020-09-10,-0.293467125
2020-09-11,-0.298833302
2020-09-12,-0.293584347
2020-09-13,-0.277357281
2020-09-14,-0.290300422
2020-09-15,-0.288104346
2020-09-16,-0.282333513
2020-09-17,-0.272061435
2020-09-18,-0.291037749
2020-09-19,-0.273351695
2020-09-20,-0.272313637
2020-09-21,-0.277875516
2020-09-22,-0.272033845
2020-09-23,-0.255084262
2020-09-24,-0.254108276
2020-09-25,-0.266059079
2020-09-26,-0.235672012
2020-09-27,-0.245181758
2020-09-28,-0.222164096
2020-09-29,-0.201454575
2020-09-30,-0.192980752
2020-10-01,-0.198343017
2020-10-02,-0.211710994
2020-10-03,-0.255000511
2020-10-04,-0.250424128
2020-10-05,-0.22827496
2020-10-06,-0.230440417
2020-10-07,-0.230334402
2020-10-08,-0.250805643
2020-10-09,-0.26331915
2020-10-10,-0.253476468
2020-10-11,-0.226708677
2020-10-12,-0.206612101
2020-10-13,-0.212442906
2020-10-14,-0.196678891
2020-10-15,-0.202715771
2020-10-16,-0.215915233
2020-10-17,-0.221965234
2020-10-18,-0.194422014
2020-10-19,-0.191308017
2020-10-20,-0.183471399
2020-10-21,-0.16537884
2020-10-22,-0.162601182
2020-10-23,-0.173057141
2020-10-24,-0.170885356
2020-10-25,-0.172632855
2020-10-26,-0.147521848
2020-10-27,-0.141253199
2020-10-28,-0.139729284
2020-10-29,-0.144355584
2020-10-30,-0.142137319
2020-10-31,-0.113931947
2020-11-01,-0.102107135
2020-11-02,-0.09113741
2020-11-03,-0.101381213
2020-11-04,-0.100580288
2020-11-05,-0.094287553
2020-11-06,-0.125404382
2020-11-07,-0.129235735
2020-11-08,-0.123989356
2020-11-09,-0.108071185
2020-11-10,-0.105909551
2020-11-11,-0.117098527
2020-11-12,-0.128829604
2020-11-13,-0.154063734
2020-11-14,-0.155049439
2020-11-15,-0.145758344
2020-11-16,-0.158899179
2020-11-17,-0.142225351
2020-11-18,-0.140548191
2020-11-19,-0.133359206
2020-11-20,-0.158991554
2020-11-21,-0.145420772
2020-11-22,-0.13138288
2020-11-23,-0.10937045
2020-11-24,-0.102053245
2020-11-25,-0.111933822
2020-11-26,-0.149808113
2020-11-27,-0.150580146
2020-11-28,-0.164300076
2020-11-29,-0.172964292
2020-11-30,-0.167349286
2020-12-01,-0.184918483
2020-12-02,-0.165838391
2020-12-03,-0.15918508
2020-12-04,-0.173118314
2020-12-05,-0.176628609
2020-12-06,-0.169293373
2020-12-07,-0.170626628
2020-12-08,-0.170019406
2020-12-09,-0.162873424
2020-12-10,-0.166110063
2020-12-11,-0.170722434
2020-12-12,-0.152644374
2020-12-13,-0.157115395
2020-12-14,-0.13668242
2020-12-15,-0.155594398
2020-12-16,-0.154069251
2020-12-17,-0.160753158
2020-12-18,-0.16459515
2020-12-19,-0.171008967
2020-12-20,-0.196841451
2020-12-21,-0.18171911
2020-12-22,-0.174422873
2020-12-23,-0.156158984
2020-12-24,-0.158165145
2020-12-25,-0.138537884
2020-12-26,-0.127390784
2020-12-27,-0.131300453
2020-12-28,-0.12424782
2020-12-29,-0.105109887
2020-12-30,-0.094705658
2020-12-31,-0.095113079
2021-01-01,-0.119409306
2021-01-02,-0.100620174
2021-01-03,-0.098455109
2021-01-04,-0.094547316
2021-01-05,-0.10021997
2021-01-06,-0.094545275
2021-01-07,-0.077883784
2021-01-08,-0.081713003
2021-01-09,-0.094338757
2021-01-10,-0.092748748
2021-01-11,-0.066167326
2021-01-12,-0.06282851
2021-01-13,-0.05739003
2021-01-14,-0.059113365
2021-01-15,-0.083151697
2021-01-16,-0.062711297
2021-01-17,-0.083766819
2021-01-18,-0.090367657
2021-01-19,-0.09377735
2021-01-20,-0.099164545
2021-01-21,-0.099310931
2021-01-22,-0.114995099
2021-01-23,-0.128081473
2021-01-24,-0.115244192
2021-01-25,-0.100183742
2021-01-26,-0.093750453
2021-01-27,-0.076025045
2021-01-28,-0.068870048
2021-01-29,-0.081585262
2021-01-30,-0.088590753
2021-01-31,-0.057152264
2021-02-01,-0.041958305
2021-02-02,-0.035594058
2021-02-03,-0.031422284
2021-02-04,-0.040858186
2021-02-05,-0.047518719
2021-02-06,-0.043621787
2021-02-07,-0.049072336
2021-02-08,-0.040602066
2021-02-09,-0.030610429
2021-02-10,-0.030458644
2021-02-11,-0.018356465
2021-02-12,-0.0289556
2021-02-13,-0.036441795
2021-02-14,-0.041226032
2021-02-15,-0.047668609
2021-02-16,-0.052970287
2021-02-17,-0.044109212
2021-02-18,-0.036119987
2021-02-19,-0.044395713
2021-02-20,-0.031576522
2021-02-21,-0.011320764
2021-02-22,-0.003462538
2021-02-23,-0.01097205
2021-02-24,8.00137e-05
2021-02-25,0.005674006
2021-02-26,-0.016615476
2021-02-27,-0.005667809
2021-02-28,-0.007178067
2021-03-01,-0.010216088
2021-03-02,0.010922659
2021-03-03,0.029186001
2021-03-04,0.035558274
2021-03-05,0.029157302
2021-03-06,0.044452064
2021-03-07,0.036591842
2021-03-08,0.051887042
2021-03-09,0.052779259
2021-03-10,0.051597102
2021-03-11,0.055651404
2021-03-12,0.051851262
2021-03-13,0.050605919
2021-03-14,0.061920218
2021-03-15,0.05521063
2021-03-16,0.050354774
2021-03-17,0.058092984
2021-03-18,0.05567025
2021-03-19,0.060911085
2021-03-20,0.055642404
2021-03-21,0.052012814
2021-03-22,0.060600575
2021-03-23,0.053637229
2021-03-24,0.061314306
2021-03-25,0.064177335
2021-03-26,0.050657648
2021-03-27,0.0300016
2021-03-28,0.048356054
2021-03-29,0.044895829
2021-03-30,0.047139308
2021-03-31,0.058897425
2021-04-01,0.054873681
2021-04-02,0.051564726
2021-04-03,0.068460388
2021-04-04,0.078942071
2021-04-05,0.094599713
2021-04-06,0.109193228
2021-04-07,0.113162704
2021-04-08,0.115177183
2021-04-09,0.110550537
2021-04-10,0.106396999
2021-04-11,0.116981979
2021-04-12,0.131526837
2021-04-13,0.131307845
2021-04-14,0.132231239
2021-04-15,0.128903535
2021-04-16,0.129058287
2021-04-17,0.108488523
2021-04-18,0.105955967
2021-04-19,0.090828359
2021-04-20,0.095028857
2021-04-21,0.088705249
2021-04-22,0.096886138
2021-04-23,0.081585212
2021-04-24,0.081484175
2021-04-25,0.091312458
2021-04-26,0.102965752
2021-04-27,0.109954856
2021-04-28,0.129508458
2021-04-29,0.147488728
2021-04-30,0.149416454
2021-05-01,0.172657422
2021-05-02,0.16906315
2021-05-03,0.194593327
2021-05-04,0.188476791
2021-05-05,0.187400785
2021-05-06,0.178742357
2021-05-07,0.142843456
2021-05-08,0.124992069
2021-05-09,0.134843389
2021-05-10,0.137980803
2021-05-11,0.11699675
2021-05-12,0.103109508
2021-05-13,0.096596782
2021-05-14,0.085766025
2021-05-15,0.093785525
2021-05-16,0.10020011
2021-05-17,0.095205098
2021-05-18,0.102924839
2021-05-19,0.11281631
2021-05-20,0.101953785
2021-05-21,0.081096142
2021-05-22,0.106102268
2021-05-23,0.097537623
2021-05-24,0.093065776
2021-05-25,0.096216393
2021-05-26,0.096357198
2021-05-27,0.092363936
2021-05-28,0.093424561
2021-05-29,0.095317952
2021-05-30,0.098789759
2021-05-31,0.087856628
2021-06-01,0.071903985
2021-06-02,0.063807309
2021-06-03,0.065522096
2021-06-04,0.060690684
2021-06-05,0.072976262
2021-06-06,0.080850333
2021-06-07,0.08273511
2021-06-08,0.08636819
2021-06-09,0.104893712
2021-06-10,0.111629188
2021-06-11,0.087235757
2021-06-12,0.066607815
2021-06-13,0.082237304
2021-06-14,0.087046916
2021-06-15,0.082796933
2021-06-16,0.068561586
2021-06-17,0.078200399
2021-06-18,0.069605287
2021-06-19,0.074990594
2021-06-20,0.088835727
2021-06-21,0.098396591
2021-06-22,0.09124951
2021-06-23,0.079877514
2021-06-24,0.07710111
2021-06-25,0.052494339
2021-06-26,0.054746703
2021-06-27,0.051277738
2021-06-28,0.070924622
2021-06-29,0.058637509
2021-06-30,0.068108495
2021-07-01,0.060810283
2021-07-02,0.059977796
2021-07-03,0.07129823
2021-07-04,0.072712292
2021-07-05,0.061235429
2021-07-06,0.06749309
2021-07-07,0.060017477
2021-07-08,0.052263406
2021-07-09,0.037965907
2021-07-10,0.062475142
2021-07-11,0.069111179
2021-07-12,0.078190467
2021-07-13,0.081523756
2021-07-14,0.102168041
2021-07-15,0.122286571
2021-07-16,0.113281995
2021-07-17,0.103241378
2021-07-18,0.103958329
2021-07-19,0.108193417
2021-07-20,0.092785693
2021-07-21,0.102438736
2021-07-22,0.08334386
2021-07-23,0.068125012
2021-07-24,0.05266937
2021-07-25,0.069711334
2021-07-26,0.090919146
2021-07-27,0.089638956
2021-07-28,0.086894688
2021-07-29,0.084603144
2021-07-30,0.086987454
2021-07-31,0.068656092
2021-08-01,0.062831993
2021-08-02,0.055096034
2021-08-03,0.065580504
2021-08-04,0.059250533
2021-08-05,0.066115284
2021-08-06,0.062317158
2021-08-07,0.076489365
2021-08-08,0.057721911
2021-08-09,0.040208052
2021-08-10,0.050616017
2021-08-11,0.049637839
2021-08-12,0.042781855
2021-08-13,0.058091457
2021-08-14,0.061420444
2021-08-15,0.072920947
2021-08-16,0.071771183
2021-08-17,0.053542399
2021-08-18,0.047528805
2021-08-19,0.054759776
2021-08-20,0.033052186
2021-08-21,0.021685764
2021-08-22,-0.004588378
2021-08-23,-0.015304949
2021-08-24,-0.017884678
2021-08-25,-0.011208643
2021-08-26,-0.008370833
2021-08-27,-0.004614808
2021-08-28,0.018556359
2021-08-29,0.043274247
2021-08-30,0.050253449
2021-08-31,0.050946233
2021-09-01,0.036885986
2021-09-02,0.021529063
2021-09-03,0.00714534
2021-09-04,-0.006350989
2021-09-05,-0.00111525
2021-09-06,-0.004949588
2021-09-07,-0.008553472
2021-09-08,-0.007875765
2021-09-09,-0.015574839
2021-09-10,-0.023733949
2021-09-11,-0.030618547
2021-09-12,-0.040736749
2021-09-13,-0.033773026
2021-09-14,-0.027849712
2021-09-15,-0.041770572
2021-09-16,-0.036884606
2021-09-17,-0.023645373
2021-09-18,-0.008924437
2021-09-19,0.011326926
2021-09-20,-0.000368847
2021-09-21,-0.047839362
2021-09-22,-0.06020219
2021-09-23,-0.076803042
2021-09-24,-0.084900839
2021-09-25,-0.090551257
2021-09-26,-0.11031295
2021-09-27,-0.107133376
2021-09-28,-0.129318933
2021-09-29,-0.146950318
2021-09-30,-0.161784859
2021-10-01,-0.161187008
2021-10-02,-0.143935563
2021-10-03,-0.150557682
2021-10-04,-0.139049372
2021-10-05,-0.142940389
2021-10-06,-0.158373958
2021-10-07,-0.181182965
2021-10-08,-0.203722251
2021-10-09,-0.199313755
2021-10-10,-0.192952727
2021-10-11,-0.162174111
2021-10-12,-0.150824205
2021-10-13,-0.174761055
2021-10-14,-0.16639255
2021-10-15,-0.168406408
2021-10-16,-0.171262372
2021-10-17,-0.165621521
2021-10-18,-0.161446437
2021-10-19,-0.190184483
2021-10-20,-0.179451701
2021-10-21,-0.156312743
2021-10-22,-0.154408046
2021-10-23,-0.143562366
2021-10-24,-0.114428399
2021-10-25,-0.09809098
2021-10-26,-0.068191451
2021-10-27,-0.057923264
2021-10-28,-0.03483691
2021-10-29,-0.027800609
2021-10-30,-0.010476067
2021-10-31,-0.013723842
2021-11-01,-0.016847388
2021-11-02,-0.028441606
2021-11-03,-0.020723865
2021-11-04,-0.009771941
2021-11-05,0.005102173
2021-11-06,0.027269113
2021-11-07,0.044244443
2021-11-08,0.062901572
2021-11-09,0.067422977
2021-11-10,0.062523922
2021-11-11,0.054461975
2021-11-12,0.051348112
2021-11-13,0.060691062
2021-11-14,0.053343986
2021-11-15,0.042527993
2021-11-16,0.048483464
2021-11-17,0.046018151
2021-11-18,0.045396797
2021-11-19,0.051056979
2021-11-20,0.079189269
2021-11-21,0.084353841
2021-11-22,0.092704062
2021-11-23,0.101097926
2021-11-24,0.094441388
2021-11-25,0.083163802
2021-11-26,0.083415064
2021-11-27,0.068949296
2021-11-28,0.076773148
2021-11-29,0.082808599
2021-11-30,0.050492407
2021-12-01,0.043813687
2021-12-02,0.045839687
2021-12-03,0.029829212
2021-12-04,0.037552266
2021-12-05,0.07047689
2021-12-06,0.059031036
2021-12-07,0.055587272
2021-12-08,0.031436503
2021-12-09,0.012721952
2021-12-10,0.000547303
2021-12-11,0.004501826
2021-12-12,0.004275411
2021-12-13,-0.002563006
2021-12-14,-0.016769301
2021-12-15,-0.016999981
2021-12-16,-0.022269333
2021-12-17,-0.041937627
2021-12-18,-0.035309314
2021-12-19,-0.021613334
2021-12-20,-0.02294499
2021-12-21,-0.010609525
2021-12-22,-0.001385596
2021-12-23,0.013369969
2021-12-24,0.036379952
2021-12-25,-0.039843927
2021-12-26,-0.030591561
2021-12-27,-0.009816991
2021-12-28,0.009795569
2021-12-29,0.018777869
2021-12-30,0.016839944
2021-12-31,0.023842584
2022-01-01,0.037870354
2022-01-02,0.056669013
2022-01-03,0.073434447
2022-01-04,0.092650644
2022-01-05,0.087035344
2022-01-06,0.067237188
2022-01-07,0.059366996
2022-01-08,0.050513437
2022-01-09,0.05889799
2022-01-10,0.059452947
2022-01-11,0.03743239
2022-01-12,0.027475539
2022-01-13,0.020347083
2022-01-14,0.004222596
2022-01-15,0.020317121
2022-01-16,0.018381661
2022-01-17,0.026920504
2022-01-18,0.01446745
2022-01-19,0.010272796
2022-01-20,0.018783068
2022-01-21,0.007283197
2022-01-22,-0.017725953
2022-01-23,-0.017477558
2022-01-24,-0.023183014
2022-01-25,-0.040448562
2022-01-26,-0.054365712
2022-01-27,-0.051249036
2022-01-28,-0.061658013
2022-01-29,-0.065705611
2022-01-30,-0.067338922
2022-01-31,-0.070243455
2022-02-01,-0.073550294
2022-02-02,-0.0641316
2022-02-03,-0.069770008
2022-02-04,-0.065524498
2022-02-05,-0.027835216
2022-02-06,-0.02625607
2022-02-07,-0.028525843
2022-02-08,-0.037169893
2022-02-09,-0.031965636
2022-02-10,-0.026767216
2022-02-11,-0.042636976
2022-02-12,-0.049244339
2022-02-13,-0.031131799
2022-02-14,-0.020088234
2022-02-15,-0.022482344
2022-02-16,-0.024064574
2022-02-17,-0.024173351
2022-02-18,-0.033422542
2022-02-19,-0.039267291
2022-02-20,-0.044297756
2022-02-21,-0.030414392
2022-02-22,-0.042401904
2022-02-23,-0.057574874
2022-02-24,-0.066049868
2022-02-25,-0.090263797
2022-02-26,-0.100020805
2022-02-27,-0.112091248
2022-02-28,-0.122376657
2022-03-01,-0.148702346
2022-03-02,-0.150310319
2022-03-03,-0.157249829
2022-03-04,-0.156281642
2022-03-05,-0.166066826
